,User_Id,Location,Age,Visited_Places,Travel_Preference
0,1,"Semarang, Jawa Tengah",20,"[379, 155, 372]","['pok', 'kreo', 'ngupasan', 'mata']"
1,2,"Bekasi, Jawa Barat",21,"[117, 102, 398, 106]","['pecinan', 'rajin', 'grote', 'masa']"
2,3,"Cirebon, Jawa Barat",23,"[170, 383, 101, 373, 130]","['binatang', 'teras', 'loket', 'drini']"
3,4,"Bekasi, Jawa Barat",21,"[315, 301, 316]","['honda', 'north', 'cibodas', 'kwan']"
4,5,"Lampung, Sumatera Selatan",20,"[356, 233]","['tebing', 'simulasi', 'glodok', 'geoforest']"
5,6,"Jakarta Utara, DKI Jakarta",18,"[110, 374]","['baya', 'la', 'nuarta', 'kerep']"
6,7,"Jakarta Selatan, DKI Jakarta",39,"[385, 381, 355, 51, 148]","['klinthing', 'kayu', 'tenun', 'resort']"
7,8,"Bandung, Jawa Barat",40,"[304, 185, 221]","['unit', 'mi', 'stone', 'of']"
8,9,"Surabaya, Jawa Timur",38,"[434, 328]","['im', 'gethuk', 'candi', 'pos']"
9,10,"Bekasi, Jawa Barat",39,"[236, 225, 49, 108]","['abang', 'ruang', 'ptt', 'digital']"
10,11,"Yogyakarta, DIY",20,[299],"['pulesari', 'meteseh', 'anjak', 'progo']"
11,12,"Bogor, Jawa Barat",37,"[163, 341, 368, 69, 19]","['parangpong', 'pancur', 'pecenongan', 'goyang']"
12,13,"Depok, Jawa Barat",18,"[20, 215]","['10', 'pemkot', 'mangrove', 'barat']"
13,14,"Jakarta Pusat, DKI Jakarta",26,"[251, 102, 52]","['pasar', 'galeri', 'mundu', 'patenggang']"
14,15,"Jakarta Timur, DKI Jakarta",34,[107],"['pagoda', 'taman', 'rancabali', 'rainbow']"
15,16,"Bekasi, Jawa Barat",40,"[328, 33, 402, 240, 214]","['segoro', 'sedahan', 'klinthing', 'agung']"
16,17,"Semarang, Jawa Tengah",31,"[281, 83, 370]","['sidomukti', 'anjak', 'tembok', 'tebet']"
17,18,"Yogyakarta, DIY",39,"[113, 419, 298, 220, 401]","['gunungkidul', 'mi', 'lakeside', 'atlantis']"
18,19,"Cirebon, Jawa Barat",26,"[338, 355, 290, 264, 21]","['cipta', 'beri', 'katolik', 'tubing']"
19,20,"Lampung, Sumatera Selatan",30,"[386, 252, 411, 343]","['coba', 'pasupati', 'kwan', 'depok']"
20,21,"Semarang, Jawa Tengah",30,[35],"['pandanaran', 'oriental', 'kri', 'club']"
21,22,"Subang, Jawa Barat",25,"[425, 287, 109]","['meteseh', 'tambaksari', 'dahromo', 'sewu']"
22,23,"Jakarta Barat, DKI Jakarta",37,"[7, 58, 378, 185]","['afrika', 'sehat', 'yogyakarta', 'puluh']"
23,24,"Bekasi, Jawa Barat",36,"[322, 342, 9, 60, 101]","['yogya', 'sekaligus', 'banar', 'pagoda']"
24,25,"Lampung, Sumatera Selatan",40,[195],"['srigading', 'ir', 'bukit', 'gaya']"
25,26,"Palembang, Sumatera Selatan",38,"[189, 341]","['barunawati', 'yuan', 'gathering', 'lembang']"
26,27,"Bogor, Jawa Barat",22,[134],"['parangtritis', 'tmii', 'bunga', 'thailand']"
27,28,"Sragen, Jawa Tengah",38,"[245, 426, 316, 344, 202]","['goa', 'tmii', 'bogor', 'kolam']"
28,29,"Ponorogo, Jawa Timur",34,[152],"['negara', 'lawang', 'klasik', 'katolik']"
29,30,"Depok, Jawa Barat",30,[202],"['perangko', 'sanapati', 'lalu', 'jarak']"
30,31,"Jakarta Selatan, DKI Jakarta",26,"[261, 231, 345, 377, 144]","['jin', 'srengseng', 'daarut', 'tabanas']"
31,32,"Bekasi, Jawa Barat",34,"[368, 163, 94]","['siwa', 'ssas', 'dokter', 'kri']"
32,33,"Ponorogo, Jawa Timur",24,[80],"['selancar', 'warna', 'puspa', 'pinus']"
33,34,"Sragen, Jawa Tengah",31,[41],"['kediwung', 'ranah', 'nuarta', 'voc']"
34,35,"Klaten, Jawa Tengah",24,"[230, 405]","['operasi', 'resort', 'malang', 'gua']"
35,36,"Solo, Jawa Tengah",20,"[38, 181]","['djuanda', 'ngupasan', 'ratu', 'jl']"
36,37,"Tanggerang, Banten",21,"[409, 203, 276, 258]","['kuta', 'pandang', 'pohon', 'ekologi']"
37,38,"Serang, Banten",26,"[289, 64, 186, 8]","['dinas', 'rekomendasi', 'benda', 'boulevard']"
38,39,"Cilacap, Jawa Tengah",32,[400],"['rapi', 'puri', 'cemara', 'luweng']"
39,40,"Semarang, Jawa Tengah",27,"[400, 52, 267, 43]","['olahraga', 'ice', 'borobudur', 'hamengkubuwana']"
40,41,"Yogyakarta, DIY",24,"[145, 7, 43, 106, 298]","['glamping', 'thr', 'nuarta', 'klasik']"
41,42,"Kota Gede, DIY",37,[388],"['ho', 'cibugary', 'gembira', 'taman']"
42,43,"Cirebon, Jawa Barat",33,"[89, 54, 323, 203, 261]","['konsep', 'ardilla', 'angklung', 'bogor']"
43,44,"Subang, Jawa Barat",21,"[1, 291]","['gunung', 'tinjomoyo', 'satriamandala', 'pinus']"
44,45,"Karawang, Jawa Barat",25,"[298, 172]","['kereta', 'bantal', 'tebet', 'grote']"
45,46,"Purwakarat, Jawa Barat",38,"[105, 49, 242]","['rengganis', 'sisa', 'goreng', 'gang']"
46,47,"Jakarta Utara, DKI Jakarta",31,"[380, 378]","['panoramic', 'sabang', 'bantul', 'layang']"
47,48,"Jakarta Selatan, DKI Jakarta",35,"[332, 78, 265]","['takjub', 'timang', 'ponggok', 'sewu']"
48,49,"Jakarta Pusat, DKI Jakarta",24,"[136, 156]","['tangkuban', 'buku', 'tulip', 'gedung']"
49,50,"Bekasi, Jawa Barat",19,"[431, 69, 111]","['sampoerna', 'north', 'museum', 'gumuk']"
50,51,"Bogor, Jawa Barat",29,"[411, 254, 198, 422]","['ratu', 'beri', 'lintas', 'seni']"
51,52,"Karawang, Jawa Barat",18,"[382, 154, 356, 412, 361]","['nama', 'blencong', 'bidadari', 'nang']"
52,53,"Subang, Jawa Barat",28,[215],"['forest', 'pusdai', 'usung', 'congot']"
53,54,"Serang, Banten",31,[364],"['bukit', 'dreampark', 'sisa', 'administrasi']"
54,55,"Tanggerang, Banten",19,[209],"['dr', 'vereenigde', 'keong', 'derajat']"
55,56,"Kota Gede, DIY",18,[52],"['bantal', 'jeram', 'dokter', 'prambanan']"
56,57,"Yogyakarta, DIY",21,"[288, 264]","['lumbung', 'kampus', 'pesona', 'angklung']"
57,58,"Lampung, Sumatera Selatan",21,"[172, 403]","['of', 'sekaligus', 'pulesari', 'pesanggrahan']"
58,59,"Ponorogo, Jawa Timur",26,"[298, 333]","['stand', 'umbul', 'mangrove', 'pandanaran']"
59,60,"Surabaya, Jawa Timur",25,"[133, 154, 249]","['sekolah', 'postweg', 'celcius', 'golf']"
60,61,"Nganjuk, Jawa Timur",23,[232],"['langit', 'semua', 'saji', 'kue']"
61,62,"Madura, Jawa Timur",36,[48],"['sumur', 'ikan', 'timang', 'songgo']"
62,63,"Semarang, Jawa Tengah",35,"[204, 249, 5]","['rejowinangun', 'tua', '1945', 'luweng']"
63,64,"Bandung, Jawa Barat",38,"[420, 102]","['tafso', 'edukasi', 'jin', 'payung']"
64,65,"Yogyakarta, DIY",22,"[418, 221, 205, 314]","['moko', 'gunungpati', 'tangkuban', 'asia']"
65,66,"Bekasi, Jawa Barat",33,"[235, 244, 183]","['bukit', 'ratu', 'unda', 'papandayan']"
66,67,"Surabaya, Jawa Timur",25,"[33, 396, 254, 44]","['nasional', 'megenai', 'tahap', 'limut']"
67,68,"Kota Gede, DIY",37,"[306, 154, 197, 136]","['meteseh', 'hargobinangun', 'koleksi', 'fotografi']"
68,69,"Bekasi, Jawa Barat",24,"[162, 10]","['palayangan', 'katedral', 'film', 'ragunan']"
69,70,"Bogor, Jawa Barat",21,[70],"['jaya', 'tekstil', 'iptek', 'tuntang']"
70,71,"Depok, Jawa Barat",39,"[392, 66]","['atlantis', 'kapal', 'keputran', 'puncak']"
71,72,"Tanggerang, Banten",19,"[180, 63, 306, 380]","['kali', 'kedung', 'singgung', 'kampung']"
72,73,"Serang, Banten",29,"[307, 238, 137, 199]","['digital', 'hujan', 'rumah', 'salju']"
73,74,"Semarang, Jawa Tengah",30,"[196, 428]","['kecimpung', 'payung', 'kaca', 'satwa']"
74,75,"Bekasi, Jawa Barat",19,[280],"['pakualaman', 'club', 'selancar', 'anjak']"
75,76,"Cirebon, Jawa Barat",19,"[385, 367, 52, 260]","['giat', 'rujuk', 'sumpah', 'jawi']"
76,77,"Bekasi, Jawa Barat",34,"[74, 121]","['rancabali', 'cattleya', 'pasir', 'air']"
77,78,"Lampung, Sumatera Selatan",22,"[381, 321, 338, 37]","['buperta', 'kendara', 'megenai', 'pulau']"
78,79,"Jakarta Utara, DKI Jakarta",31,"[288, 298, 430]","['warungboto', 'jumlah', 'lukis', 'rimbun']"
79,80,"Jakarta Selatan, DKI Jakarta",32,"[319, 369, 397, 75]","['sekali', 'sarae', 'bintang', 'tembok']"
80,81,"Bandung, Jawa Barat",29,"[339, 32, 203, 37, 414]","['sangat', 'parangtritis', 'geoforest', 'buperta']"
81,82,"Surabaya, Jawa Timur",24,"[303, 71, 172]","['bkph', 'koleksi', 'africa', 'china']"
82,83,"Bekasi, Jawa Barat",32,[317],"['tentara', 'blaster', 'artha', 'hijau']"
83,84,"Yogyakarta, DIY",35,"[141, 96, 199]","['digital', 'sanapati', 'rainbow', 'laut']"
84,85,"Bogor, Jawa Barat",31,"[163, 277]","['opat', 'bahkan', 'becici', 'dinding']"
85,86,"Depok, Jawa Barat",32,"[210, 291, 136, 361]","['renovasi', 'sate', 'pindul', 'rifai']"
86,87,"Jakarta Pusat, DKI Jakarta",30,"[204, 231, 241, 141]","['tua', 'acara', 'ciwangan', 'fantasi']"
87,88,"Jakarta Timur, DKI Jakarta",27,[271],"['lawang', 'wahana', 'sehat', 'beringharjo']"
88,89,"Bekasi, Jawa Barat",35,[207],"['cafe', 'bumd', 'ledok', 'glagah']"
89,90,"Semarang, Jawa Tengah",29,"[161, 127, 414, 37, 186]","['wayang', 'keraton', 'ngrenehan', 'hujan']"
90,91,"Yogyakarta, DIY",32,"[384, 247, 286, 423, 360]","['ruang', 'sekolah', 'ayodya', 'asri']"
91,92,"Cirebon, Jawa Barat",39,"[174, 288, 128, 403, 108]","['buperta', 'bahkan', 'saung', 'huni']"
92,93,"Lampung, Sumatera Selatan",18,"[428, 167]","['tahap', 'borobudur', 'kasmaran', 'kemudian']"
93,94,"Semarang, Jawa Tengah",34,"[107, 119]","['sungai', 'binatang', 'reklamasi', 'sekali']"
94,95,"Subang, Jawa Barat",27,"[389, 413, 26, 228]","['ct', 'kuta', 'kampus', 'pramuka']"
95,96,"Jakarta Barat, DKI Jakarta",19,[82],"['memang', 'barn', 'Taman Hiburan', 'anteng']"
96,97,"Bekasi, Jawa Barat",38,"[351, 258, 395]","['Bahari', 'tmii', 'bening', 'alam']"
97,98,"Lampung, Sumatera Selatan",28,"[29, 324, 192]","['china', 'dago', 'palayangan', 'banteng']"
98,99,"Palembang, Sumatera Selatan",33,"[362, 165]","['bantul', 'wahana', 'anom', 'revitalisasi']"
99,100,"Bogor, Jawa Barat",28,"[437, 24]","['cafe', 'katolik', 'november', 'indrayanti']"
100,101,"Sragen, Jawa Tengah",39,"[279, 223, 397]","['voc', 'tempur', 'cerme', 'rakyat']"
101,102,"Ponorogo, Jawa Timur",21,"[380, 3, 415, 16]","['suasana', 'miniatur', 'forest', 'biaya']"
102,103,"Depok, Jawa Barat",30,"[55, 11, 129, 354]","['beri', 'atap', 'camp', 'lurah']"
103,104,"Jakarta Selatan, DKI Jakarta",27,[90],"['syuting', 'amazing', 'ragunan', 'pikir']"
104,105,"Bekasi, Jawa Barat",37,[391],"['watu', 'breksi', 'cimahi', 'lansia']"
105,106,"Ponorogo, Jawa Timur",32,"[125, 399, 238, 358, 87]","['walaupun', 'fungsional', 'afrika', 'banget']"
106,107,"Sragen, Jawa Tengah",24,[297],"['lalakon', 'jarak', 'baduga', 'rujuk']"
107,108,"Klaten, Jawa Tengah",33,"[4, 255, 122]","['cimanggu', 'baru', 'sejarah', 'bsm']"
108,109,"Solo, Jawa Tengah",18,"[271, 409, 345, 87]","['edukasi', 'persis', 'pagelaran', 'takjub']"
109,110,"Tanggerang, Banten",39,"[270, 408, 7, 361]","['kedung', 'haminte', 'honda', 'wisatawan']"
110,111,"Serang, Banten",38,"[30, 195, 401, 200, 57]","['warna', 'sego', 'thailand', 'rss']"
111,112,"Cilacap, Jawa Tengah",18,"[249, 341, 262, 22]","['coba', 'siliwangi', 'tenang', 'celcius']"
112,113,"Semarang, Jawa Tengah",38,[123],"['layang', 'malioboro', 'basoeki', 'angklung']"
113,114,"Yogyakarta, DIY",39,"[70, 147, 230]","['hargobinangun', 'park', 'cibugary', 'sosrowijayan']"
114,115,"Kota Gede, DIY",26,"[181, 359, 192, 393, 29]","['cibubur', 'gunungpati', 'jalesveva', 'cililin']"
115,116,"Cirebon, Jawa Barat",23,"[390, 256]","['babi', 'pakai', 'jagakarsa', 'dr']"
116,117,"Subang, Jawa Barat",30,"[213, 244, 40, 336]","['rendam', 'singgung', 'kebun', 'babi']"
117,118,"Karawang, Jawa Barat",32,"[431, 286]","['tian', 'pari', 'tunggal', 'ciwangun']"
118,119,"Purwakarat, Jawa Barat",25,"[58, 165, 151, 309]","['tenang', 'banar', 'stand', 'cheng']"
119,120,"Jakarta Utara, DKI Jakarta",32,"[259, 254, 129, 159]","['pawon', 'serang', 'stone', 'kompas']"
120,121,"Jakarta Selatan, DKI Jakarta",35,"[26, 187, 240, 435, 34]","['dipowinatan', 'marina', 'kaliadem', 'limut']"
121,122,"Jakarta Pusat, DKI Jakarta",24,"[172, 29]","['cerme', 'nglanggeran', 'banget', 'syuting']"
122,123,"Bekasi, Jawa Barat",32,"[205, 255]","['thr', 'grote', 'foto', 'yogya']"
123,124,"Bogor, Jawa Barat",22,"[389, 88]","['pule', 'budaya', 'pilar', 'resort']"
124,125,"Karawang, Jawa Barat",24,"[159, 204, 399, 23, 135]","['tembi', 'wot', 'semua', 'waterboom']"
125,126,"Subang, Jawa Barat",32,"[156, 346, 357, 48, 323]","['digital', 'terna', 'lembong', 'semarang']"
126,127,"Serang, Banten",38,"[413, 91, 247]","['runcing', 'indah', 'bibit', '53']"
127,128,"Tanggerang, Banten",28,[274],"['tembi', 'grote', 'kana', 'mangrove']"
128,129,"Kota Gede, DIY",29,"[97, 408, 18, 389]","['petikemas', 'abdullah', 'internet', 'purbo']"
129,130,"Yogyakarta, DIY",27,"[28, 223]","['beri', 'waktu', 'depok', 'asri']"
130,131,"Lampung, Sumatera Selatan",21,"[85, 60, 222]","['raja', 'pustaka', 'air', 'salju']"
131,132,"Ponorogo, Jawa Timur",31,"[69, 323, 361, 11]","['pagelaran', 'paralayang', 'situs', 'blue']"
132,133,"Surabaya, Jawa Timur",29,[303],"['atap', 'dusun', 'tenun', 'bumd']"
133,134,"Nganjuk, Jawa Timur",27,"[317, 141, 352, 75, 159]","['selancar', 'panas', 'studio', 'elektronik']"
134,135,"Madura, Jawa Timur",22,"[436, 228, 194]","['dokter', 'rekreasi', 'film', 'influencer']"
135,136,"Semarang, Jawa Tengah",35,"[67, 106, 160, 277]","['afrika', 'kecimpung', 'durian', 'cibugary']"
136,137,"Bandung, Jawa Barat",28,"[215, 147, 177]","['nike', 'geologi', 'goreng', 'fotografi']"
137,138,"Yogyakarta, DIY",25,[355],"['bareng', 'runcing', 'sembilan', 'cimanggu']"
138,139,"Bekasi, Jawa Barat",33,"[208, 110, 259, 276, 327]","['africa', 'cimanggu', 'posting', 'ragunan']"
139,140,"Surabaya, Jawa Timur",25,"[243, 11, 107]","['hargobinangun', 'ledok', 'bukit', 'menapaik']"
140,141,"Kota Gede, DIY",34,"[386, 359, 213, 114, 4]","['renovasi', 'pik', 'memang', 'terjun']"
141,142,"Bekasi, Jawa Barat",29,"[115, 361]","['koral', 'curug', 'dancing', 'labuh']"
142,143,"Bogor, Jawa Barat",25,"[367, 57, 349, 202]","['abang', 'tubing', 'amazing', 'lalakon']"
143,144,"Depok, Jawa Barat",18,"[319, 396]","['pagoda', 'dinas', 'marzuki', 'Cagar Alam']"
144,145,"Tanggerang, Banten",37,"[255, 321, 207]","['mata', 'of', 'saloka', 'kana']"
145,146,"Serang, Banten",38,"[219, 274, 350, 310, 146]","['selam', 'studio', 'kopi', 'jogja']"
146,147,"Semarang, Jawa Tengah",18,"[158, 345, 397, 394]","['punclut', 'nglepen', 'teh', 'kan']"
147,148,"Bekasi, Jawa Barat",33,"[268, 226, 71]","['palagan', 'seni', 'balinea', 'abdullah']"
148,149,"Cirebon, Jawa Barat",30,[48],"['hadiningrat', 'pari', 'suropati', 'tari']"
149,150,"Bekasi, Jawa Barat",40,"[377, 55, 72]","['saji', '74', 'ice', 'belah']"
150,151,"Lampung, Sumatera Selatan",36,"[14, 362]","['tsb', 'ramai', 'ho', 'langit']"
151,152,"Jakarta Utara, DKI Jakarta",25,"[32, 415, 279]","['utara', 'pintu', 'goyang', 'marina']"
152,153,"Jakarta Selatan, DKI Jakarta",39,[174],"['world', 'dinas', 'north', 'batununggal']"
153,154,"Bandung, Jawa Barat",31,[323],"['menit', 'prambanan', 'wayang', 'allah']"
154,155,"Surabaya, Jawa Timur",37,"[150, 246]","['wonorejo', 'ragunan', 'dr', 'wali']"
155,156,"Bekasi, Jawa Barat",31,"[380, 400]","['china', 'sedahan', 'angkat', 'haminte']"
156,157,"Yogyakarta, DIY",28,[264],"['edukasi', 'sura', 'ciputra', 'proklamasi']"
157,158,"Bogor, Jawa Barat",23,[274],"['congot', 'buku', 'pukul', 'islam']"
158,159,"Depok, Jawa Barat",20,"[95, 211, 267, 175, 205]","['yogya', 'semarang', 'ancol', 'dusun']"
159,160,"Jakarta Pusat, DKI Jakarta",36,"[358, 91, 108, 185, 116]","['kali', 'rejowinangun', 'si', 'indonesia']"
160,161,"Jakarta Timur, DKI Jakarta",33,"[174, 176]","['2007', 'ho', 'wonorejo', 'pusdai']"
161,162,"Bekasi, Jawa Barat",25,"[189, 425, 336]","['tsb', 'pondok', 'saji', 'tby']"
162,163,"Semarang, Jawa Tengah",40,"[204, 388]","['kidzania', 'bantal', 'sisa', 'pusdai']"
163,164,"Yogyakarta, DIY",19,"[25, 323, 4, 94, 197]","['loket', 'baruna', 'spathodea', 'prestasi']"
164,165,"Cirebon, Jawa Barat",23,[428],"['450', 'city', 'gua', 'margo']"
165,166,"Lampung, Sumatera Selatan",26,"[381, 257, 167]","['benarbenar', 'adhyatma', 'lucu', 'pikir']"
166,167,"Semarang, Jawa Tengah",19,"[225, 181, 103]","['ria', 'plaza', 'jungwok', 'ngandong']"
167,168,"Subang, Jawa Barat",38,"[25, 415, 263, 149]","['tua', 'goyang', 'usia', 'kiara']"
168,169,"Jakarta Barat, DKI Jakarta",18,"[390, 338]","['wana', 'danau', 'view', 'selancar']"
169,170,"Bekasi, Jawa Barat",19,"[338, 12, 332]","['teh', 'ekologi', 'garden', 'lintas']"
170,171,"Lampung, Sumatera Selatan",33,[261],"['publik', 'katedral', 'umbul', 'timang']"
171,172,"Palembang, Sumatera Selatan",34,"[363, 74]","['panguk', 'jalesveva', 'garden', 'sculpture']"
172,173,"Bogor, Jawa Barat",29,"[284, 318, 301, 236, 231]","['kalibiru', 'bantul', 'sepatu', 'tambakboyo']"
173,174,"Sragen, Jawa Tengah",32,"[407, 337]","['kawah', 'simulasi', 'atlantis', 'cafe']"
174,175,"Ponorogo, Jawa Timur",36,"[14, 205, 72, 347, 233]","['garden', 'krisan', 'setiya', 'samas']"
175,176,"Depok, Jawa Barat",31,"[10, 35, 399]","['ngrenehan', 'material', 'loket', 'sego']"
176,177,"Jakarta Selatan, DKI Jakarta",35,[122],"['pecah', 'henry', 'dusun', 'tiberias']"
177,178,"Bekasi, Jawa Barat",33,[84],"['seluncur', 'Taman Hiburan', 'nuarta', 'dusun']"
178,179,"Ponorogo, Jawa Timur",27,"[297, 12, 345, 316, 368]","['diri', 'kiara', 'sari', 'sensasi']"
179,180,"Sragen, Jawa Tengah",24,[124],"['sirat', 'bebas', 'situs', 'huni']"
180,181,"Klaten, Jawa Tengah",29,"[206, 347, 407, 434]","['serang', 'pelangi', 'menapaik', 'adhyatma']"
181,182,"Solo, Jawa Tengah",34,"[412, 261, 223, 108, 228]","['observatorium', 'studio', 'nike', 'juang']"
182,183,"Tanggerang, Banten",37,"[318, 76, 369]","['kayu', 'cimanggu', 'semirang', 'kiara']"
183,184,"Serang, Banten",30,"[232, 341, 57, 286, 237]","['tarik', 'lorong', 'digital', 'benteng']"
184,185,"Cilacap, Jawa Tengah",33,"[323, 424, 91]","['tua', 'yuan', 'sekaligus', 'renovasi']"
185,186,"Semarang, Jawa Tengah",28,"[251, 289, 168]","['pondok', 'cilangkap', 'puncak', 'luhur']"
186,187,"Yogyakarta, DIY",25,"[263, 176]","['gua', '1977', 'forest', 'lumbung']"
187,188,"Kota Gede, DIY",37,[425],"['kukup', '53', 'rong', 'hotel']"
188,189,"Cirebon, Jawa Barat",21,[280],"['tugu', 'koral', 'keputran', 'kaya']"
189,190,"Subang, Jawa Barat",18,"[81, 365, 234, 264, 398]","['petikemas', 'paralayang', 'spbu', 'naskah']"
190,191,"Karawang, Jawa Barat",32,"[231, 126, 388, 225]","['museum', 'jl', 'slider', 'barang']"
191,192,"Purwakarat, Jawa Barat",37,"[78, 43, 321, 179, 318]","['koleksi', 'breksi', 'banar', 'cic']"
192,193,"Jakarta Utara, DKI Jakarta",20,"[436, 177, 397, 57]","['lebih', 'naskah', 'kereta', 'rp']"
193,194,"Jakarta Selatan, DKI Jakarta",31,"[218, 74, 172]","['beri', 'simpang', 'golf', 'pikir']"
194,195,"Jakarta Pusat, DKI Jakarta",29,"[148, 26, 223, 158]","['sangat', 'mata', 'surabaya', 'satriamandala']"
195,196,"Bekasi, Jawa Barat",28,"[236, 199]","['semarang', 'banar', 'ziarah', 'rapi']"
196,197,"Bogor, Jawa Barat",27,[207],"['semirang', 'parangpong', 'eling', 'durian']"
197,198,"Karawang, Jawa Barat",26,"[288, 29, 294]","['jaya', 'air', 'jungwok', 'seoul']"
198,199,"Subang, Jawa Barat",18,"[416, 198, 247]","['bukit', 'sisa', 'jembatan', 'wana']"
199,200,"Serang, Banten",34,[238],"['isi', 'nirwana', 'bantal', 'siswa']"
200,201,"Bekasi, Jawa Barat",21,"[26, 123, 51]","['tanam', 'klasik', 'tari', 'pos']"
201,202,"Lampung, Sumatera Selatan",21,"[393, 431, 110, 380, 102]","['jumlah', 'lepen', 'abdullah', 'unit']"
202,203,"Jakarta Utara, DKI Jakarta",24,[41],"['betawi', 'klenteng', 'wana', 'kambing']"
203,204,"Jakarta Selatan, DKI Jakarta",21,[302],"['pinus', 'kampung', 'ragunan', 'sakura']"
204,205,"Bandung, Jawa Barat",24,"[194, 208, 31, 303, 210]","['batik', 'ngandong', 'buddha', 'kelinci']"
205,206,"Surabaya, Jawa Timur",30,[422],"['teliti', 'belanda', 'pok', 'tangkuban']"
206,207,"Bekasi, Jawa Barat",20,"[326, 150, 189, 58, 365]","['pecinan', 'boulevard', 'pandasari', 'jagakarsa']"
207,208,"Yogyakarta, DIY",27,"[252, 354, 281, 55]","['benua', 'studio', 'pakualaman', 'kri']"
208,209,"Bogor, Jawa Barat",19,[314],"['vanda', 'fotografi', 'utarann', 'salahsatu']"
209,210,"Depok, Jawa Barat",18,"[73, 85, 44, 222, 313]","['umbul', 'revitalisasi', 'margo', 'tsb']"
210,211,"Jakarta Pusat, DKI Jakarta",22,"[341, 251, 321, 267]","['perangko', 'alive', 'tempat', 'gunungkidul']"
211,212,"Jakarta Timur, DKI Jakarta",28,"[140, 222, 174, 417]","['unit', 'pengger', 'danau', 'singgung']"
212,213,"Bekasi, Jawa Barat",20,"[272, 101, 17, 357, 157]","['baka', 'keramik', 'jarak', 'satwa']"
213,214,"Semarang, Jawa Tengah",30,[402],"['djadhoel', 'anom', 'cikapundung', 'tengah']"
214,215,"Yogyakarta, DIY",23,"[219, 40, 428]","['dinas', 'iptek', 'bidadari', 'udjo']"
215,216,"Cirebon, Jawa Barat",28,[412],"['pesanggrahan', 'sarasvati', 'kapal', 'sunda']"
216,217,"Lampung, Sumatera Selatan",20,"[49, 142, 338, 400]","['akhir', 'sculpture', 'bantaran', 'tuntang']"
217,218,"Semarang, Jawa Tengah",29,"[272, 73, 74, 221]","['mi', 'barn', 'limut', 'goa']"
218,219,"Subang, Jawa Barat",24,"[422, 20, 25, 420, 54]","['kidzania', 'meteseh', 'forest', 'tby']"
219,220,"Jakarta Barat, DKI Jakarta",23,"[217, 395, 56, 234, 167]","['atap', 'sego', '1933', 'waktu']"
220,221,"Bekasi, Jawa Barat",30,"[228, 192, 191, 344, 295]","['flower', 'pasar', 'maria', 'situs']"
221,222,"Lampung, Sumatera Selatan",30,"[330, 112, 189, 426]","['lapang', 'rekomendasi', 'lihat', 'durian']"
222,223,"Palembang, Sumatera Selatan",20,"[388, 222, 325, 413]","['jalur', 'hewan', 'panghegar', 'tmii']"
223,224,"Bogor, Jawa Barat",28,"[267, 109, 331, 170, 75]","['wonorejo', 'kri', 'sentalu', 'tembel']"
224,225,"Sragen, Jawa Tengah",19,"[196, 228, 408]","['baruna', 'baduga', 'ria', 'laut']"
225,226,"Ponorogo, Jawa Timur",23,"[87, 374]","['kuda', 'china', 'muslim', 'gua']"
226,227,"Depok, Jawa Barat",25,"[138, 213, 384, 203]","['ayodya', 'siola', 'mundu', 'yuan']"
227,228,"Jakarta Selatan, DKI Jakarta",18,"[90, 260, 219, 198]","['batu', 'unda', 'garden', 'mangrove']"
228,229,"Bekasi, Jawa Barat",20,"[107, 103]","['53', 'aji', 'ayodya', 'pulesari']"
229,230,"Ponorogo, Jawa Timur",20,"[221, 268, 392]","['lava', 'empring', 'monumen', 'goyang']"
230,231,"Sragen, Jawa Tengah",28,"[219, 8, 196, 165, 170]","['glodokpancoran', 'songgo', 'sunaryo', 'lava']"
231,232,"Klaten, Jawa Tengah",30,[25],"['saung', 'parkir', 'the', 'cilangkap']"
232,233,"Solo, Jawa Tengah",23,"[138, 307, 415, 219]","['utara', 'dinas', 'ciwangan', 'barat']"
233,234,"Tanggerang, Banten",27,"[396, 177]","['arung', 'pelangi', 'patung', 'play']"
234,235,"Serang, Banten",18,[22],"['utarann', 'naskah', 'bekas', 'kapel']"
235,236,"Cilacap, Jawa Tengah",23,[275],"['kelir', 'beri', 'petik', 'renovasi']"
236,237,"Semarang, Jawa Tengah",20,[229],"['museum', 'pelangi', 'baru', 'air']"
237,238,"Yogyakarta, DIY",30,"[396, 57, 31]","['bambu', 'lawangwangi', 'benarbenar', 'pos']"
238,239,"Kota Gede, DIY",23,"[244, 245, 85, 424]","['lukis', 'jaja', 'budaya', 'galeri']"
239,240,"Cirebon, Jawa Barat",22,"[174, 153, 261]","['kemah', 'kwan', 'mataram', 'Budaya']"
240,241,"Subang, Jawa Barat",20,"[391, 236, 326, 33]","['dufan', 'waterboom', 'influencer', 'jin']"
241,242,"Karawang, Jawa Barat",20,"[169, 309, 192, 299]","['gantole', 'sanapati', 'srigading', 'gua']"
242,243,"Purwakarat, Jawa Barat",20,"[76, 114, 236, 3]","['ho', 'situs', 'punclut', 'luweng']"
243,244,"Jakarta Utara, DKI Jakarta",27,[141],"['greweng', 'utarann', '1945', 'rainbow']"
244,245,"Jakarta Selatan, DKI Jakarta",27,"[11, 275, 10, 425, 285]","['betawi', 'unit', 'hektar', 'barang']"
245,246,"Jakarta Pusat, DKI Jakarta",28,[36],"['legenda', 'bendung', 'gembira', 'lava']"
246,247,"Bekasi, Jawa Barat",28,[284],"['dunia', 'arif', 'kapal', 'kendara']"
247,248,"Bogor, Jawa Barat",29,"[143, 64, 432, 198, 218]","['prasasti', 'bentara', 'rengganis', 'adhyatma']"
248,249,"Karawang, Jawa Barat",19,[21],"['benua', 'vereenigde', 'lost', 'biaya']"
249,250,"Subang, Jawa Barat",27,"[295, 51, 399, 326, 195]","['keramik', 'unjung', 'tembel', 'kelir']"
250,251,"Semarang, Jawa Tengah",29,"[281, 319, 75, 239, 212]","['usung', 'tuntang', 'pindul', 'arung']"
251,252,"Bekasi, Jawa Barat",30,[167],"['gembiraloka', 'unjung', 'rileks', 'tionghoa']"
252,253,"Cirebon, Jawa Barat",34,"[181, 373, 277, 137]","['pustaka', 'pancur', 'keraton', 'hewan']"
253,254,"Bekasi, Jawa Barat",34,"[27, 303, 296, 179]","['benarbenar', 'gallery', 'titik', 'barunawati']"
254,255,"Lampung, Sumatera Selatan",30,"[285, 337]","['ombak', 'parangpong', 'limut', 'gereja']"
255,256,"Jakarta Utara, DKI Jakarta",39,"[174, 59, 55, 436, 297]","['dokter', 'operasi', 'la', 'glagah']"
256,257,"Jakarta Selatan, DKI Jakarta",25,[120],"['gunung', 'afrika', 'sumur', '10']"
257,258,"Bandung, Jawa Barat",38,[401],"['kraton', 'krisan', 'panoramic', 'tema']"
258,259,"Surabaya, Jawa Timur",27,"[284, 384, 24, 115]","['seoul', 'manglayang', 'jomblo', 'blue']"
259,260,"Bekasi, Jawa Barat",33,[305],"['beringharjo', 'kasmaran', 'ayodya', 'sanapati']"
260,261,"Yogyakarta, DIY",38,"[360, 226]","['sejarah', 'lucu', 'labuh', 'patung']"
261,262,"Bogor, Jawa Barat",38,"[294, 297, 344]","['waterpark', 'jogja', 'gallery', 'kiara']"
262,263,"Depok, Jawa Barat",27,"[78, 170, 34, 94]","['ziarah', 'salju', 'kana', 'fungsi']"
263,264,"Jakarta Pusat, DKI Jakarta",37,"[353, 206, 81, 65, 154]","['sosrowijayan', 'coba', 'luput', 'tanam']"
264,265,"Jakarta Timur, DKI Jakarta",30,"[378, 267, 133, 343, 87]","['edukasi', 'tembel', 'icon', 'kemudian']"
265,266,"Bekasi, Jawa Barat",32,"[241, 265]","['parkir', 'didik', 'rong', 'daarut']"
266,267,"Semarang, Jawa Tengah",31,"[316, 236, 382, 301, 134]","['canyon', 'barang', 'nglinggo', 'parijs']"
267,268,"Yogyakarta, DIY",32,[217],"['rumah', 'memang', 'pawon', 'rawa']"
268,269,"Cirebon, Jawa Barat",36,"[279, 242, 132, 169]","['timang', 'kedung', 'Budaya', 'simulasi']"
269,270,"Lampung, Sumatera Selatan",25,"[351, 85]","['glagah', 'bandung', 'cuaca', 'afrika']"
270,271,"Semarang, Jawa Tengah",37,[260],"['buperta', 'honda', '450', 'fatahillah']"
271,272,"Subang, Jawa Barat",30,"[414, 365, 301, 81]","['lumpur', 'baduga', 'skating', 'sonobudoyo']"
272,273,"Jakarta Barat, DKI Jakarta",33,"[106, 273]","['sundak', 'tari', 'yogya', 'naskah']"
273,274,"Bekasi, Jawa Barat",38,"[225, 122, 382]","['sosromenduran', 'bantaran', 'kasmaran', 'pemuda']"
274,275,"Lampung, Sumatera Selatan",34,"[261, 59, 128, 159, 364]","['tanah', 'monas', 'gethuk', 'bugbrug']"
275,276,"Lampung, Sumatera Selatan",39,[287],"['stadion', 'patung', 'siola', 'bianglala']"
276,277,"Jakarta Utara, DKI Jakarta",29,"[322, 154]","['operasi', 'lalakon', 'lembah', 'tambaksari']"
277,278,"Jakarta Selatan, DKI Jakarta",40,"[151, 234, 15, 359]","['cimahi', 'umbul', 'islam', 'rawa']"
278,279,"Bandung, Jawa Barat",28,[223],"['ambarawa', 'akhir', 'pintar', 'betawi']"
279,280,"Surabaya, Jawa Timur",40,"[115, 81]","['parijs', 'lapang', 'monumen', 'puncak']"
280,281,"Bekasi, Jawa Barat",30,"[114, 351, 145, 395]","['henry', 'libur', 'sculpture', 'kediwung']"
281,282,"Yogyakarta, DIY",39,"[57, 174, 180, 80, 173]","['dancing', 'pecinan', 'voc', 'langit']"
282,283,"Bogor, Jawa Barat",37,"[367, 196, 340]","['kreo', 'lihat', 'walaupun', 'yogyakarta']"
283,284,"Depok, Jawa Barat",29,"[383, 134, 147, 357, 418]","['vereenigde', 'trans', 'jeram', 'barito']"
284,285,"Jakarta Pusat, DKI Jakarta",29,"[135, 66]","['mahal', 'goreng', 'samas', 'mangun']"
285,286,"Jakarta Timur, DKI Jakarta",35,"[22, 383, 330]","['nglanggeran', 'lepen', 'kaca', 'pasir']"
286,287,"Bekasi, Jawa Barat",27,"[268, 162, 382]","['anyar', 'cipta', 'olahraga', 'ibukota']"
287,288,"Semarang, Jawa Tengah",30,[152],"['thamrin', 'sura', 'heha', 'garden']"
288,289,"Yogyakarta, DIY",35,"[322, 174, 368]","['kuta', 'pari', 'wayang', 'persis']"
289,290,"Cirebon, Jawa Barat",34,"[77, 301, 241, 328, 113]","['pakualaman', 'waduk', 'sekarang', 'lah']"
290,291,"Lampung, Sumatera Selatan",25,"[410, 119]","['yuan', 'warna', 'situs', 'koral']"
291,292,"Semarang, Jawa Tengah",29,[435],"['datang', 'indah', 'pecah', 'nang']"
292,293,"Subang, Jawa Barat",34,"[146, 416]","['laut', 'giat', 'atap', 'beri']"
293,294,"Jakarta Barat, DKI Jakarta",28,"[371, 246, 74, 145]","['benua', 'sisa', 'hibur', 'masjid']"
294,295,"Bekasi, Jawa Barat",31,"[211, 11, 219]","['sensasi', 'baca', 'patenggang', 'moko']"
295,296,"Lampung, Sumatera Selatan",31,"[361, 108, 70]","['kedung', 'sabuk', 'gumuling', 'anom']"
296,297,"Palembang, Sumatera Selatan",39,"[208, 232]","['batu', 'cikapundung', 'lereng', 'kelir']"
297,298,"Bogor, Jawa Barat",38,"[278, 98]","['kaliadem', 'ske', 'prasasti', 'istiqlal']"
298,299,"Sragen, Jawa Tengah",27,"[399, 60, 271, 81]","['yogya', 'sekolah', 'dancing', 'camat']"
299,300,"Ponorogo, Jawa Timur",26,"[143, 351]","['kalibiru', 'tekstil', 'setiya', 'lembang']"
