,User_Id,Location,Age,Coordinates,Visited_Places,Price_Range,Interest_Tags,Preferred_Categories,Min_Rating
0,1,Semarang,20,"-7.305950,110.256010","[72, 291, 114, 66, 234, 400, 288, 188, 205, 154, 220, 247, 34, 58, 229, 21, 329, 282, 147, 160, 389, 383, 338, 303, 80, 46, 81, 430, 65, 348, 278, 424, 73, 272, 437, 213, 411, 221, 267, 36, 131, 32, 425, 334, 190, 274, 150, 232, 223, 37, 132, 326]",6292-106292,"['family', 'culinary', 'adventure']","['Taman Hiburan', 'Budaya']",4.6
1,2,Bekasi,21,"-6.265541,106.755532","[430, 288, 243, 116]",0-100000,"['culinary', 'culinary', 'beach']","['Taman Hiburan', 'Budaya']",3.7
2,3,Cirebon,23,"-6.252456,106.900779","[295, 230, 228, 151, 66, 53, 125, 231, 394, 98, 292, 13, 408, 209, 390, 31, 221, 363, 71]",0-100000,"['photography', 'cultural', 'family']","['Budaya', 'Cagar Alam']",4.5
3,4,Bekasi,21,"-6.209655,106.802605","[48, 409, 9, 15, 83, 418, 279, 95, 423, 188, 120, 283, 40, 137, 357, 367, 149, 405, 23, 358, 14, 76, 115, 5, 318, 92, 229, 79, 21]",12931-112931,"['historical', 'cultural', 'historical']","['Taman Hiburan', 'Budaya']",3.6
4,5,Lampung,20,"-6.268864,106.843301","[45, 92, 208, 251, 239, 4, 178, 302, 334, 151, 2, 51, 173, 100, 181, 77, 174, 319, 356, 369, 68, 118, 69, 311, 389, 337, 265, 351, 354, 362, 245, 420, 90, 398, 219, 304, 273, 172, 430, 407, 41, 80, 78, 229, 7, 355, 344, 432, 392, 83, 292]",39008-139008,"['family', 'cultural', 'adventure']","['Taman Hiburan', 'Cagar Alam']",4.8
5,6,Jakarta Utara,18,"-6.258524,106.866448","[253, 384, 310, 382, 24, 256, 268, 289, 374, 76, 74, 231, 381, 267, 155, 114]",0-100000,"['culinary', 'beach', 'culinary']","['Taman Hiburan', 'Budaya']",4.0
6,7,Jakarta Selatan,39,"-6.227771,106.938049","[229, 68, 228, 158, 417, 89, 177, 424, 7, 47, 170, 254, 19, 136, 185, 219, 283, 27, 282]",0-100000,"['family', 'cultural', 'cultural', 'family', 'cultural']","['Taman Hiburan', 'Bahari']",3.8
7,8,Bandung,40,"-6.700398,107.626952","[365, 326, 145, 109, 207, 228, 215, 92, 234, 364, 68, 320, 97, 311, 431]",0-100000,"['family', 'beach', 'cultural', 'shopping', 'cultural']","['Taman Hiburan', 'Cagar Alam']",3.2
8,9,Surabaya,38,"-7.337561,112.830440","[152, 324, 238, 267, 304, 387, 154, 39, 273, 102, 142, 55, 261, 63, 188, 367, 120, 150, 341, 170, 408, 340, 32, 166, 284, 412, 134, 34, 333, 124, 15, 247, 128, 210, 48, 82, 228, 173, 131, 103, 133, 230, 254, 306, 74, 30, 232]",23083-123083,"['culinary', 'nature', 'family']","['Cagar Alam', 'Budaya']",4.6
9,10,Bekasi,39,"-6.303518,106.754462","[158, 17, 190, 230, 219, 362, 66, 353, 236, 164, 161, 123, 319, 281, 278, 110, 239, 126, 23, 119, 33, 357, 216, 211, 384, 39, 391, 345, 424, 325, 99, 340, 426, 428, 351, 327, 170, 98, 19, 350]",10890-110890,"['cultural', 'family', 'family']","['Budaya', 'Taman Hiburan']",4.5
10,11,Yogyakarta,20,"-7.705945,110.409934","[58, 244, 266, 202, 128, 83, 314, 256, 288, 273, 195, 114, 346, 413, 336, 18, 249, 378, 81, 135, 393, 307, 53, 109, 385, 246, 424, 142, 306, 431, 327, 335, 8, 304, 297, 131, 178, 230, 239, 286, 364, 394, 421, 324, 145, 269, 384, 228, 432, 259, 342, 429, 322, 260, 213, 209]",0-100000,"['beach', 'beach', 'hiking', 'family']","['Taman Hiburan', 'Cagar Alam']",4.3
11,12,Bogor,37,"-6.218016,106.928893","[58, 148, 419, 65, 413, 92, 125, 264, 46, 236, 190]",0-100000,"['nature', 'beach', 'hiking']","['Budaya', 'Taman Hiburan']",4.2
12,13,Depok,18,"-6.226081,106.886995","[306, 221, 145, 4, 106, 38, 173, 282, 64, 247, 240, 43, 121, 228, 118, 89, 165, 316, 224, 296, 120, 328, 73, 303, 209]",35969-135969,"['beach', 'family', 'family']","['Taman Hiburan', 'Budaya']",4.7
13,14,Jakarta Pusat,26,"-6.265097,106.753896","[405, 428, 204, 396, 25, 256, 220, 385, 102, 88, 35, 317, 393, 178, 43, 415, 395, 310, 430, 89, 160, 338]",0-100000,"['family', 'adventure', 'historical', 'family', 'culinary']","['Budaya', 'Taman Hiburan']",4.2
14,15,Jakarta Timur,34,"-6.222883,106.817107","[142, 199, 217, 350, 210, 103, 203, 221, 53, 47, 324, 151, 7, 143, 253, 245, 397, 264, 251]",0-100000,"['adventure', 'historical', 'historical', 'historical']","['Taman Hiburan', 'Cagar Alam']",4.2
15,16,Bekasi,40,"-6.273635,106.937356","[102, 151, 167, 427, 169, 91, 218, 414, 47, 437, 75, 341, 348, 119, 319, 383, 304, 154, 422, 64, 58, 158, 314, 365, 161, 67, 395, 51, 39, 31, 306, 434, 115, 43]",74587-174587,"['historical', 'family', 'photography']","['Cagar Alam', 'Taman Hiburan']",3.8
16,17,Semarang,31,"-7.179778,110.288968","[198, 212, 33, 265, 388, 390, 90, 373, 311, 170, 16, 223, 167]",0-100000,"['culinary', 'cultural', 'family', 'cultural']","['Budaya', 'Cagar Alam']",4.3
17,18,Yogyakarta,39,"-7.867702,110.289980","[143, 67, 431, 164, 240]",0-100000,"['historical', 'adventure', 'family', 'cultural', 'beach']","['Cagar Alam', 'Taman Hiburan']",4.1
18,19,Cirebon,26,"-6.162303,106.878157","[109, 97, 119, 345, 107, 416, 130, 180, 432, 19, 93, 264, 297, 144, 231, 312, 175, 3, 241, 247, 328, 217, 216, 252, 360, 357, 363, 433, 160, 319, 114, 348, 240, 112, 426, 132, 98, 386]",29757-129757,"['family', 'beach', 'historical', 'historical']","['Taman Hiburan', 'Cagar Alam']",3.7
19,20,Lampung,30,"-6.195325,106.855941","[278, 380, 415, 262, 304, 419, 312, 125, 137, 381, 382, 186, 184, 191, 17, 146, 171, 261, 174, 248, 263, 258, 276, 375, 272, 433, 94, 318, 193, 279, 239, 217, 247, 205, 119]",20654-120654,"['culinary', 'beach', 'cultural', 'shopping', 'hiking']","['Budaya', 'Cagar Alam']",3.9
20,21,Semarang,30,"-7.234754,110.251689","[147, 338, 297, 216, 187, 166, 434, 348, 397, 321, 11, 117, 25, 301, 336, 282]",0-100000,"['family', 'photography', 'adventure']","['Taman Hiburan', 'Cagar Alam']",3.8
21,22,Subang,25,"-6.261110,106.938332","[303, 294, 94, 257, 217, 28, 392, 357, 336, 236, 248, 43, 254, 309, 162, 238, 11, 353, 397, 234, 312, 399, 25, 105, 79, 363]",0-100000,"['cultural', 'hiking', 'cultural']","['Taman Hiburan', 'Cagar Alam']",3.9
22,23,Jakarta Barat,37,"-6.135931,106.915691","[83, 340, 206, 141, 280, 350, 118, 136, 387, 420, 124, 78, 234, 2, 254, 65, 115, 232, 152, 117, 380, 330, 325, 36, 247, 218, 371, 160, 77, 142, 419, 392, 283, 337, 48, 85, 110, 68, 293, 344, 162, 61, 211, 341, 166, 100, 215, 172, 190, 133, 84, 214, 271]",44235-144235,"['photography', 'nature', 'culinary']","['Taman Hiburan', 'Budaya']",4.6
23,24,Bekasi,36,"-6.155781,106.836303","[370, 238, 71, 402, 392, 189, 327, 399, 284, 125, 345, 249, 395, 378, 8, 422, 147, 232, 185, 205, 427, 341, 410, 79, 117, 56, 261, 409, 242, 283, 10, 140, 308, 218, 368, 105, 114, 200, 359]",0-100000,"['beach', 'culinary', 'culinary']","['Taman Hiburan', 'Cagar Alam']",3.7
24,25,Lampung,40,"-6.174766,106.758924","[93, 429, 396, 114, 135]",0-100000,"['hiking', 'hiking', 'beach']","['Budaya', 'Cagar Alam']",3.6
25,26,Palembang,38,"-6.110495,106.859908","[135, 144, 371]",39166-139166,"['cultural', 'family', 'cultural', 'culinary', 'cultural']","['Cagar Alam', 'Pusat Perbelanjaan']",4.1
26,27,Bogor,22,"-6.112534,106.774408","[282, 296, 39, 57, 286, 115, 198, 99, 108, 103, 348, 285]",0-100000,"['photography', 'cultural', 'photography', 'family']","['Budaya', 'Taman Hiburan']",4.4
27,28,Sragen,38,"-6.285522,106.914207","[94, 155, 30]",0-100000,"['beach', 'historical', 'hiking', 'nature', 'cultural']","['Taman Hiburan', 'Bahari']",3.8
28,29,Ponorogo,34,"-6.291984,106.929531","[268, 317, 98, 116, 349, 436, 238, 366, 328, 351, 274, 242, 316, 371, 196, 324, 346, 369, 191]",0-100000,"['beach', 'historical', 'hiking']","['Cagar Alam', 'Taman Hiburan']",5.1
29,30,Depok,30,"-6.264384,106.796356","[264, 84, 343, 365, 416, 127, 216, 308, 263, 302, 115, 219, 23, 31, 158, 324, 237, 103, 116, 140, 255]",0-100000,"['historical', 'photography', 'shopping']","['Cagar Alam', 'Taman Hiburan']",3.8
30,31,Jakarta Selatan,26,"-6.181582,106.873163","[263, 378, 175, 433, 153, 118, 101, 221, 76, 244, 23, 261, 253, 30, 5, 31, 381, 371, 280, 419, 208, 7, 167, 15, 395, 181, 129, 430, 312, 64, 235, 43, 284, 71, 190, 28, 220]",0-100000,"['family', 'historical', 'photography', 'culinary', 'beach']","['Taman Hiburan', 'Cagar Alam']",4.3
31,32,Bekasi,34,"-6.255194,106.914803","[422, 415, 22, 71, 79, 244, 8, 310, 315, 125, 350, 250, 95, 192, 240, 418, 331, 41, 276, 347, 9, 385, 169, 230, 336, 246, 74, 97, 349, 206, 412, 400, 16, 42, 290, 302, 202, 114, 260, 183, 379, 338, 406, 360, 170, 364, 404]",0-100000,"['cultural', 'photography', 'cultural', 'culinary', 'beach']","['Budaya', 'Taman Hiburan']",4.4
32,33,Ponorogo,24,"-6.273180,106.791523","[263, 388, 145, 397, 288, 230, 115, 272, 318, 77, 299, 366, 406, 100, 405, 79, 361, 124, 86, 273, 179, 373, 192, 103, 71, 116, 343, 377, 97, 158, 437, 75, 233, 49, 6, 402, 221, 436, 352, 121, 315, 260, 62, 333, 296, 317, 209, 413, 18, 128, 88, 344, 119, 29]",0-100000,"['culinary', 'photography', 'cultural']","['Taman Hiburan', 'Budaya']",3.9
33,34,Sragen,31,"-6.248309,106.842389","[245, 274, 345, 38, 420, 22, 400, 366, 297, 268, 307, 333, 169, 104, 350, 207, 103, 134, 126, 428, 170, 200, 309, 194, 168, 228, 3, 98, 295, 84, 13, 6, 199, 408, 59]",688-100688,"['cultural', 'cultural', 'historical', 'cultural', 'culinary']","['Taman Hiburan', 'Budaya']",3.8
34,35,Klaten,24,"-6.209247,106.848352","[426, 97, 284, 221, 199, 247, 332, 321, 342, 236, 276, 169, 255, 204, 360, 37, 243, 134, 358, 52, 361, 381, 127, 40, 182, 150, 83, 326, 96, 95, 347, 391, 19, 405, 307, 36, 275, 213, 376, 25, 32, 365, 287, 390, 109, 61, 232, 75, 308, 280, 34, 215, 288, 20, 119, 257, 388]",68820-168820,"['hiking', 'culinary', 'culinary', 'cultural']","['Taman Hiburan', 'Budaya']",3.8
35,36,Solo,20,"-6.226593,106.756803","[278, 141, 123, 84, 383, 276, 326, 328, 307, 197, 19, 186, 116, 234, 75, 175, 345, 350, 324, 393, 215, 42, 232, 264, 429, 63]",58024-158024,"['beach', 'culinary', 'photography', 'beach', 'historical']","['Cagar Alam', 'Budaya']",3.5
36,37,Tanggerang,21,"-6.272881,106.891032","[325, 283, 392, 191, 151, 149, 165, 409, 177, 46, 2, 322, 92, 70, 411, 296, 33, 48, 5, 330, 103, 317, 9, 173, 201, 263, 202, 28, 17, 249, 94, 242, 66, 14, 96, 336, 164, 418, 335, 63, 298, 267]",0-100000,"['cultural', 'family', 'photography', 'historical']","['Taman Hiburan', 'Budaya']",4.8
37,38,Serang,26,"-6.115663,106.818057","[77, 432, 248, 384, 375, 150, 264, 220, 25, 419, 105, 175, 238, 112]",0-100000,"['cultural', 'family', 'historical', 'cultural']","['Budaya', 'Taman Hiburan']",3.2
38,39,Cilacap,32,"-6.161686,106.786034","[150, 24, 265, 59, 299, 39, 298, 362, 66, 8, 142, 292, 129, 404, 141, 312, 237, 331, 78, 69, 330, 137, 160, 225, 333, 21, 19, 268, 388, 43]",0-100000,"['cultural', 'beach', 'historical']","['Taman Hiburan', 'Budaya']",4.6
39,40,Semarang,27,"-7.191416,110.272921","[221, 56, 70, 392, 314, 326, 90, 269, 322, 378, 240, 231, 153, 403, 173]",0-100000,"['historical', 'photography', 'beach']","['Cagar Alam', 'Taman Hiburan']",3.9
40,41,Yogyakarta,24,"-7.873365,110.460949","[27, 67, 196, 280, 295, 432, 373, 216, 12, 62, 304, 339, 428, 193, 41, 61, 306, 232, 36, 331, 342, 259, 351, 205, 92, 243, 136, 320]",0-100000,"['family', 'adventure', 'family']","['Budaya', 'Taman Hiburan']",4.2
41,42,Kota Gede,37,"-6.191887,106.878360","[43, 102, 2, 327]",0-100000,"['historical', 'cultural', 'cultural', 'cultural']","['Budaya', 'Taman Hiburan']",4.0
42,43,Cirebon,33,"-6.175719,106.789149","[334, 112, 20, 68, 179, 344, 231, 70, 118, 249, 263, 210, 15, 22, 426, 142, 265, 427, 371, 128, 229, 339, 325, 26, 42, 327, 132, 180, 170, 50, 63, 299, 87, 114, 71, 175, 39, 364, 260, 397, 271, 93, 66, 379, 202, 292, 154, 164, 389, 199, 19, 388, 103, 424, 214, 139, 390]",12374-112374,"['nature', 'hiking', 'culinary']","['Budaya', 'Taman Hiburan']",4.8
43,44,Subang,21,"-6.185181,106.762239","[128, 164, 165, 333, 76, 130, 335, 87, 235, 237, 97, 292, 351, 256, 60, 180, 247, 271, 409, 136, 183, 267, 262, 270, 358, 310, 205, 364, 209, 339, 411, 62, 379, 214, 150, 307, 327, 196, 239, 181, 419, 329, 211, 259, 120, 156, 119, 143, 369, 148, 233, 83, 26]",22491-122491,"['historical', 'cultural', 'photography', 'beach', 'cultural']","['Taman Hiburan', 'Cagar Alam']",3.7
44,45,Karawang,25,"-6.283534,106.766638","[256, 327, 303, 243, 405, 214, 427, 417, 142, 248, 376, 47, 75, 252, 241, 147, 325, 35, 124, 284, 151, 10, 168, 294, 345, 81, 264, 148, 51, 362, 410, 263, 46, 431]",0-100000,"['beach', 'hiking', 'cultural', 'family']","['Taman Hiburan', 'Budaya']",3.5
45,46,Purwakarat,38,"-6.170475,106.807966","[214, 59, 140, 16, 302, 212, 144, 264, 30, 222, 231, 308, 381, 375, 179, 424, 32, 372, 129, 85, 218, 163, 373, 94, 65, 54, 133, 189, 101, 39, 404, 336, 22, 258, 252, 147, 132, 309, 19, 105, 406, 412, 365]",0-100000,"['historical', 'historical', 'hiking', 'culinary']","['Budaya', 'Taman Hiburan']",3.4
46,47,Jakarta Utara,31,"-6.297310,106.835730","[340, 146, 218]",4886-104886,"['cultural', 'cultural', 'culinary', 'beach']","['Cagar Alam', 'Taman Hiburan']",4.0
47,48,Jakarta Selatan,35,"-6.270664,106.858934","[218, 6, 349, 24, 69, 330]",3756-103756,"['culinary', 'cultural', 'hiking']","['Budaya', 'Cagar Alam']",3.7
48,49,Jakarta Pusat,24,"-6.117393,106.903438","[163, 6, 136, 270, 138, 54, 311, 201, 285, 407, 265, 11, 283, 259, 327, 127, 224, 91, 172, 328, 401, 110, 75, 410, 67, 168, 411, 242, 177, 430, 58, 162, 235, 151, 428, 427, 98, 403, 149, 218, 88, 286, 107, 17, 72, 150, 276, 71, 241, 9, 281, 237, 42, 355, 426, 342, 66, 140, 351, 137, 126]",5103-105103,"['beach', 'family', 'culinary', 'culinary', 'nature']","['Taman Hiburan', 'Budaya']",4.1
49,50,Bekasi,19,"-6.167085,106.887647","[422, 322, 15, 332, 372, 301, 297, 51, 53, 292, 131, 88, 169, 288, 71, 260, 315, 45, 352, 184, 366, 361, 57, 113, 405, 81, 436, 129, 138, 118, 299, 416, 166, 316, 300, 262, 314, 307]",0-100000,"['beach', 'cultural', 'historical', 'photography', 'beach']","['Cagar Alam', 'Taman Hiburan']",4.0
50,51,Bogor,29,"-6.233592,106.760203","[424, 122, 121, 203, 254, 98, 320, 344, 231, 303, 142, 257, 133, 305, 201, 49, 171, 271, 130, 143, 324, 45, 361, 429, 406, 243, 172, 238, 161, 379, 397, 401, 229, 334, 221, 47, 140, 415, 332, 1, 405, 102, 3]",0-100000,"['hiking', 'historical', 'beach']","['Taman Hiburan', 'Budaya']",3.4
51,52,Karawang,18,"-6.131371,106.783314","[132, 393, 150, 166, 365, 117, 278, 345, 245]",0-100000,"['cultural', 'cultural', 'adventure', 'cultural', 'beach']","['Cagar Alam', 'Taman Hiburan']",4.1
52,53,Subang,28,"-6.159615,106.867899","[187, 323, 321, 155, 88, 71, 251, 159, 266, 125, 421, 291, 334, 282, 203, 116, 343, 58, 267, 311, 94]",31132-131132,"['beach', 'cultural', 'hiking', 'hiking', 'nature']","['Taman Hiburan', 'Cagar Alam']",4.3
53,54,Serang,31,"-6.307277,106.914651","[82, 146, 255, 90, 347, 288, 29, 67, 137, 361, 77, 58, 16, 351, 185, 437, 134, 156, 417, 49, 38, 389, 105, 43, 189, 76, 397, 44, 170, 74, 87, 407, 139, 301, 326, 256, 81]",8391-108391,"['historical', 'shopping', 'cultural', 'beach']","['Budaya', 'Taman Hiburan']",4.2
54,55,Tanggerang,19,"-6.226276,106.876882","[418, 167, 351, 387, 194, 95, 410, 354, 224, 288, 20, 220, 367, 51, 313, 38, 119, 151, 19, 302, 180, 121, 89]",0-100000,"['culinary', 'cultural', 'family', 'photography', 'family']","['Budaya', 'Taman Hiburan']",4.0
55,56,Kota Gede,18,"-6.169845,106.842639","[200, 327, 82, 56, 280, 28, 95, 396, 59, 39, 232, 353, 245, 110, 14, 48, 142, 212, 251, 323, 131, 102, 213, 20, 144, 363, 115, 79, 320, 366, 263]",0-100000,"['hiking', 'adventure', 'family']","['Budaya', 'Taman Hiburan']",3.7
56,57,Yogyakarta,21,"-7.810552,110.348141","[157, 138, 344, 220, 127, 22, 301, 407, 435, 29, 87, 18, 168, 60, 243, 179, 125, 355, 137, 302, 309, 408]",5317-105317,"['photography', 'hiking', 'cultural', 'family', 'cultural']","['Taman Hiburan', 'Budaya']",4.2
57,58,Lampung,21,"-6.252676,106.826027","[130, 184, 197, 390, 363, 94, 318, 340, 61, 404, 146, 92, 140, 211, 69, 20, 187, 29, 374, 413, 87, 31, 35, 346, 332, 257, 382, 369, 199, 256, 131, 399, 377, 290, 431, 297, 193, 106, 18, 419, 153, 122, 103, 126, 14, 418, 255, 380, 379, 264, 26, 310, 229, 47, 437, 151, 313, 181, 349, 323, 241]",2204-102204,"['historical', 'nature', 'culinary', 'cultural', 'cultural']","['Taman Hiburan', 'Cagar Alam']",3.8
58,59,Ponorogo,26,"-6.248695,106.881156","[77, 270, 2, 333, 361, 202, 201, 14, 262, 414, 368]",0-100000,"['culinary', 'culinary', 'historical']","['Bahari', 'Taman Hiburan']",4.0
59,60,Surabaya,25,"-7.371268,112.875700","[242, 135, 266, 283, 16, 391, 56, 92, 86, 158, 253, 31, 263, 354, 96, 17, 126, 377, 301]",0-100000,"['family', 'historical', 'culinary', 'cultural']","['Cagar Alam', 'Taman Hiburan']",3.5
60,61,Nganjuk,23,"-6.232460,106.778382","[239, 98, 100, 425]",0-100000,"['adventure', 'culinary', 'beach']","['Taman Hiburan', 'Budaya']",4.4
61,62,Madura,36,"-6.152287,106.885829","[238, 6, 268, 227, 275, 127, 429, 185, 205, 305, 128, 374, 182, 84, 214, 391, 344, 377, 36, 173, 187, 361]",0-100000,"['beach', 'beach', 'cultural']","['Taman Hiburan', 'Bahari']",4.0
62,63,Semarang,35,"-7.211958,110.341450","[413, 130, 340, 261, 268, 101, 384, 170, 120, 318, 423, 429, 87, 198, 157, 297, 332, 358, 78, 223, 177, 241, 21, 356, 135, 246, 133, 123, 351, 405, 402, 180, 153, 346, 432, 410, 69, 397, 361, 416, 43, 395, 260, 75, 108, 151, 55, 144, 326, 161, 354, 84, 126]",41600-141600,"['cultural', 'historical', 'beach', 'cultural']","['Taman Hiburan', 'Budaya']",4.7
63,64,Bandung,38,"-6.731027,107.585788","[98, 397, 291, 425, 387, 58, 145, 330, 300, 430, 163, 179, 227, 234, 174, 262, 258, 385, 294, 311, 156, 324, 329]",0-100000,"['cultural', 'culinary', 'family', 'cultural']","['Taman Hiburan', 'Cagar Alam']",3.8
64,65,Yogyakarta,22,"-7.850270,110.394752","[414, 99, 117, 256, 41, 195, 114, 433, 436]",0-100000,"['family', 'beach', 'culinary']","['Budaya', 'Taman Hiburan']",4.9
65,66,Bekasi,33,"-6.236373,106.922366","[5, 394, 325, 167, 297, 179, 246, 437, 206, 272, 388, 91, 301, 136, 149, 158, 69, 277, 31, 73, 276, 13, 197, 239, 137, 318, 278, 165, 326, 399, 40, 188, 269, 257, 428]",0-100000,"['historical', 'family', 'adventure', 'cultural', 'cultural']","['Cagar Alam', 'Taman Hiburan']",4.2
66,67,Surabaya,25,"-7.293301,112.732448","[431, 209, 171, 433, 415, 240, 281, 350, 146, 378, 9, 204, 96, 13, 413, 163, 303, 346, 432, 70, 397, 150]",0-100000,"['cultural', 'culinary', 'family', 'nature']","['Taman Hiburan', 'Budaya']",3.0
67,68,Kota Gede,37,"-6.148217,106.919583","[301, 248, 214, 418, 40, 14, 363, 326, 58, 106, 419, 246, 169, 324, 90, 71, 242, 225, 281, 172, 205, 45, 183, 424, 355, 417, 18, 251, 51, 137, 241, 72, 269, 266, 402, 79, 117, 429]",99797-199797,"['cultural', 'cultural', 'shopping']","['Taman Hiburan', 'Cagar Alam']",4.0
68,69,Bekasi,24,"-6.132885,106.914578","[322, 249, 219, 324, 373, 45, 231, 9, 303, 237, 55, 170]",32179-132179,"['historical', 'photography', 'adventure', 'photography', 'historical']","['Taman Hiburan', 'Cagar Alam']",4.5
69,70,Bogor,21,"-6.248756,106.892678","[3, 238, 114, 69, 218, 118, 160, 404, 184, 368, 99, 44, 436, 207, 152, 255, 236, 230, 380, 132, 298, 388, 360, 148, 283, 43, 435, 126, 292, 306, 39, 165, 274, 369, 333, 279, 72, 170, 328, 106, 384, 176, 224, 104, 173, 317, 204, 145, 242, 70, 347, 310, 188, 29, 355, 348, 344, 225, 375]",0-100000,"['culinary', 'photography', 'shopping', 'cultural', 'beach']","['Taman Hiburan', 'Cagar Alam']",3.6
70,71,Depok,39,"-6.296711,106.813356","[434, 145, 276, 367, 322, 44, 49, 413, 63, 222, 123, 104, 293, 73, 135, 302]",0-100000,"['shopping', 'culinary', 'cultural', 'family']","['Budaya', 'Taman Hiburan']",3.8
71,72,Tanggerang,19,"-6.214611,106.814707","[6, 267, 120, 421, 86, 338, 299, 300, 353, 335, 391, 284, 324, 376, 152, 190]",0-100000,"['historical', 'culinary', 'nature', 'family', 'shopping']","['Budaya', 'Cagar Alam']",4.2
72,73,Serang,29,"-6.149384,106.766911","[148, 251, 436, 233, 67, 159, 226, 276, 334, 120, 45, 108, 8, 430, 382, 223, 217, 37]",29991-129991,"['culinary', 'photography', 'beach', 'culinary']","['Taman Hiburan', 'Cagar Alam']",4.2
73,74,Semarang,30,"-7.121764,110.439093","[53, 355, 64, 55, 6, 135, 89, 42, 218, 2, 165, 325, 245, 75, 168, 305, 78, 362, 66, 175, 77, 366, 233, 331, 329, 205, 171, 185, 85, 375, 365, 377, 237, 109, 252, 197, 191, 317, 223, 102, 287, 101, 173, 393, 50, 82, 354, 394, 118, 48]",0-100000,"['photography', 'culinary', 'beach']","['Budaya', 'Taman Hiburan']",3.1
74,75,Bekasi,19,"-6.183477,106.824522","[126, 327, 353, 190, 47]",0-100000,"['nature', 'family', 'family', 'culinary']","['Taman Hiburan', 'Bahari']",4.5
75,76,Cirebon,19,"-6.304275,106.808918","[280, 297, 229, 4, 186, 406, 233, 252, 117, 76, 65, 2, 421]",47085-147085,"['cultural', 'historical', 'cultural', 'cultural', 'cultural']","['Taman Hiburan', 'Budaya']",3.1
76,77,Bekasi,34,"-6.209004,106.774685","[173, 373, 66, 45, 338, 253, 106, 225, 139, 85, 227, 420, 77, 72, 134, 278, 188, 314, 210]",31048-131048,"['culinary', 'hiking', 'nature']","['Taman Hiburan', 'Budaya']",4.0
77,78,Lampung,22,"-6.138327,106.770874","[228, 207, 190, 153, 37, 121, 23, 3, 137, 215, 133, 139, 315, 194, 254, 282, 405, 333, 336, 340, 20, 358, 295, 253, 55, 90, 11, 418, 230, 16, 335, 128, 236, 386, 29, 362, 247, 241, 75, 31, 427, 8, 186]",35981-135981,"['hiking', 'hiking', 'beach', 'beach', 'culinary']","['Taman Hiburan', 'Budaya']",3.6
78,79,Jakarta Utara,31,"-6.180123,106.829280","[209, 333, 260, 29, 132, 375, 13, 341, 60, 241, 178, 242, 193, 32, 261, 257, 121, 140, 86, 321, 294, 279]",0-100000,"['beach', 'cultural', 'historical', 'culinary']","['Budaya', 'Cagar Alam']",3.9
79,80,Jakarta Selatan,32,"-6.235096,106.765292","[54, 138, 299, 123, 396, 420, 166, 60, 400, 162, 43, 142, 188, 2, 144, 18, 209, 87, 102, 21, 274, 185, 357, 31, 66, 428, 182, 265, 117, 228, 72, 116, 232, 36, 35, 369, 291, 271, 322]",0-100000,"['hiking', 'historical', 'beach', 'beach']","['Budaya', 'Cagar Alam']",4.3
80,81,Bandung,29,"-6.702898,107.687989","[156, 362, 1, 322, 385, 154]",0-100000,"['beach', 'culinary', 'hiking']","['Budaya', 'Bahari']",4.1
81,82,Surabaya,24,"-7.315006,112.916494","[18, 284, 38, 178, 369, 417, 177, 7, 113, 201, 308, 211, 71, 171, 72, 396, 341, 260, 346, 62, 434, 212, 140, 313, 142, 125, 2, 16, 429, 334, 347, 128, 324, 326, 134, 353, 51, 25, 88, 264, 98, 163, 397]",0-100000,"['culinary', 'hiking', 'cultural']","['Budaya', 'Taman Hiburan']",4.2
82,83,Bekasi,32,"-6.289193,106.840323","[116, 94, 244, 406, 346, 203, 303, 285, 214, 376, 96, 387, 279, 367, 56, 26, 31, 48, 17]",0-100000,"['adventure', 'culinary', 'cultural']","['Taman Hiburan', 'Budaya']",4.0
83,84,Yogyakarta,35,"-7.886449,110.435795","[253, 417, 218, 23, 271, 214, 426, 24, 285, 339, 155, 415, 338, 241, 411, 193, 85, 82, 291, 305, 281, 209, 412, 422, 86, 192, 392]",0-100000,"['beach', 'hiking', 'beach', 'nature']","['Budaya', 'Taman Hiburan']",3.4
84,85,Bogor,31,"-6.254198,106.776676","[425, 162, 20, 421, 196, 33, 81, 17, 189, 405, 80]",0-100000,"['shopping', 'hiking', 'photography']","['Budaya', 'Taman Hiburan']",3.9
85,86,Depok,32,"-6.154096,106.838062","[37, 121, 97, 237, 357, 64, 358, 226, 52, 84, 134, 344, 192, 381, 170, 71, 72, 39, 5, 275, 165, 256, 114, 255, 221, 418, 294, 35, 99, 225, 393, 417, 80, 174, 207, 339, 36, 106, 378, 98, 104, 332, 41, 132, 11, 55, 56, 430]",25053-125053,"['culinary', 'culinary', 'historical']","['Budaya', 'Taman Hiburan']",3.5
86,87,Jakarta Pusat,30,"-6.233193,106.918522","[199, 365, 305, 288, 270, 377, 424, 267, 217, 197, 275, 414, 378, 83, 172]",16656-116656,"['beach', 'historical', 'beach', 'culinary']","['Cagar Alam', 'Taman Hiburan']",3.9
87,88,Jakarta Timur,27,"-6.197712,106.881579","[362, 10, 109, 359, 96, 56, 415, 105, 380, 147, 243, 26, 12, 254, 412, 37, 374, 7, 205, 172, 11, 232, 141, 366, 222, 365, 44, 169, 331, 59, 112]",0-100000,"['hiking', 'hiking', 'culinary', 'adventure']","['Cagar Alam', 'Budaya']",3.9
88,89,Bekasi,35,"-6.181717,106.920201","[267, 300, 301, 139, 203, 209, 404, 162, 297, 265, 372, 107, 50, 298, 225, 42, 185, 347, 23, 256, 88, 8]",2058-102058,"['beach', 'photography', 'beach', 'shopping']","['Cagar Alam', 'Taman Hiburan']",4.2
89,90,Semarang,29,"-7.145006,110.305437","[110, 87, 148, 312, 248, 285, 49, 167, 37, 254, 281, 259, 307, 301, 359, 21, 409, 29, 246, 332, 258, 173, 152, 387, 51, 203, 417, 200, 380, 132, 104, 360, 295, 282, 287, 14]",0-100000,"['culinary', 'cultural', 'historical', 'adventure', 'family']","['Cagar Alam', 'Budaya']",3.4
90,91,Yogyakarta,32,"-7.759848,110.299537","[222, 288, 44, 113, 323, 413, 263, 54, 371, 64, 174, 159, 322, 316, 384, 212, 210, 144, 249, 220, 365, 45, 343, 280, 334, 366, 301, 61, 335, 269, 12, 3, 277, 203, 149, 218, 209, 246, 435, 392, 374]",8193-108193,"['shopping', 'family', 'hiking', 'cultural', 'hiking']","['Cagar Alam', 'Taman Hiburan']",4.1
91,92,Cirebon,39,"-6.265747,106.911384","[95, 374, 136]",0-100000,"['culinary', 'beach', 'beach', 'cultural']","['Taman Hiburan', 'Cagar Alam']",4.4
92,93,Lampung,18,"-6.187617,106.764064","[243, 355, 399, 93, 184, 332, 251, 173, 397, 305, 313, 203, 376, 64, 377, 297, 329, 175, 174, 155, 427, 190, 19, 294, 209, 414, 71, 50, 306, 193, 66, 342, 31, 311, 424, 218, 264, 296, 69, 52, 423, 290, 285, 122, 126, 128, 240, 315, 259, 333, 372, 368, 7, 176, 340, 395, 365]",0-100000,"['culinary', 'shopping', 'hiking', 'historical', 'shopping']","['Budaya', 'Cagar Alam']",3.3
93,94,Semarang,34,"-7.226417,110.297061","[305, 97, 216, 339, 264, 121, 92, 63, 298, 217, 190, 82, 398, 115, 125, 287, 69, 365, 52]",0-100000,"['beach', 'cultural', 'historical']","['Budaya', 'Taman Hiburan']",5.1
94,95,Subang,27,"-6.183888,106.905899","[30, 137, 218, 325, 376, 255, 291, 347, 20, 428, 270, 104, 283, 197, 227, 437, 366, 118, 148, 17, 48, 214, 406, 396, 246, 350, 195, 79, 354]",16655-116655,"['culinary', 'cultural', 'nature']","['Budaya', 'Taman Hiburan']",3.6
95,96,Jakarta Barat,19,"-6.180244,106.940591","[189, 117, 206, 21, 18, 103, 227, 199, 3, 140, 27]",0-100000,"['hiking', 'cultural', 'culinary', 'beach']","['Taman Hiburan', 'Budaya']",4.5
96,97,Bekasi,38,"-6.157383,106.914640","[326, 200, 183, 206, 9, 270, 417, 382, 429, 77, 312, 177, 277, 87, 415, 308, 151, 381, 113, 301, 219, 45, 316, 208, 140, 187, 320, 322, 347, 207, 13, 103, 238, 211, 239, 30, 230, 134, 176, 212, 225, 127, 3, 39, 60, 271, 50, 241, 26, 339, 351, 362, 233, 247, 393, 341, 419, 357, 399]",0-100000,"['photography', 'cultural', 'beach', 'cultural']","['Taman Hiburan', 'Cagar Alam']",5.0
97,98,Lampung,28,"-6.131962,106.936712","[97, 84, 159, 221, 105, 161, 247, 347, 49, 431, 236, 351, 73, 330, 326, 217, 205, 305, 412, 367, 243, 404, 368, 42, 116, 352, 81, 402, 376, 272, 397, 120, 273, 25, 322, 12, 164, 293, 229, 213, 167, 329, 403, 284, 425, 260, 295, 276, 417, 125, 361, 78, 350, 250, 359, 333]",0-100000,"['historical', 'historical', 'family']","['Taman Hiburan', 'Budaya']",4.2
98,99,Palembang,33,"-6.142219,106.863953","[402, 104, 19, 206, 434]",0-100000,"['photography', 'nature', 'photography', 'hiking']","['Taman Hiburan', 'Budaya']",4.2
99,100,Bogor,28,"-6.179255,106.857860","[419, 385, 292, 130, 179, 386, 95, 117, 277, 37, 375, 352, 217, 200, 56, 230, 92, 266, 121, 270, 273, 408, 70, 337, 122, 422, 2, 405, 321, 220, 26, 151, 305, 21, 168, 417, 373, 278, 306, 125, 234, 374, 132, 318, 34, 215, 81, 178, 294, 123, 48, 381, 158, 67, 314, 267, 169, 139, 431]",0-100000,"['hiking', 'historical', 'family', 'culinary', 'culinary']","['Budaya', 'Cagar Alam']",3.8
100,101,Sragen,39,"-6.117714,106.810709","[93, 100, 132, 412, 121]",6421-106421,"['family', 'culinary', 'hiking']","['Cagar Alam', 'Budaya']",4.0
101,102,Ponorogo,21,"-6.264629,106.926984","[297, 85, 303, 37, 129, 359, 147, 68, 403, 40, 20, 246, 319, 79, 41]",0-100000,"['historical', 'beach', 'adventure']","['Taman Hiburan', 'Budaya']",3.3
102,103,Depok,30,"-6.292712,106.827326","[189, 29, 236, 249, 158, 188, 320, 107, 374, 380, 105, 317, 96, 310, 9, 31, 273, 33, 173, 87, 316, 348, 72, 379, 284, 98, 166, 242]",0-100000,"['beach', 'historical', 'shopping']","['Cagar Alam', 'Taman Hiburan']",3.5
103,104,Jakarta Selatan,27,"-6.193252,106.834814","[159, 380, 391, 296, 70, 318, 58, 427, 129, 185, 186, 218, 430, 84, 283, 363, 123, 93, 105, 312, 8, 134, 303, 410, 198, 412, 89, 366, 130, 165, 256, 299, 350, 272, 56, 280, 394, 347, 231, 223, 54, 95, 382, 435]",0-100000,"['culinary', 'adventure', 'family']","['Taman Hiburan', 'Cagar Alam']",3.6
104,105,Bekasi,37,"-6.180626,106.913686","[370, 8, 119, 266, 291, 372, 363, 434, 270, 176, 377, 63, 345, 165, 6, 214, 210, 206, 430, 126, 415, 326, 3, 123, 141, 173, 227, 396, 268, 82, 128, 411, 95, 13, 303, 290, 361, 330, 186, 392, 313, 359, 419, 138, 60, 339, 190, 435, 251, 23, 250, 72, 88, 213, 338, 96]",0-100000,"['family', 'family', 'culinary', 'beach', 'cultural']","['Taman Hiburan', 'Budaya']",4.8
105,106,Ponorogo,32,"-6.213257,106.792608","[143, 176, 157, 137, 204, 66, 249, 415, 306, 279, 375, 195, 181, 65, 281, 149, 383, 405, 212, 398, 251, 404, 130, 182, 60, 153, 185, 304, 115, 70, 152, 366, 423, 265, 68, 17, 399, 294, 272, 373, 309, 150, 378, 322, 52, 370, 341, 244, 193, 435]",0-100000,"['photography', 'family', 'beach', 'adventure', 'cultural']","['Budaya', 'Taman Hiburan']",4.2
106,107,Sragen,24,"-6.138011,106.755234","[325, 18, 291, 40, 127, 100, 196, 139, 160, 235, 250, 37, 241, 226, 119, 179, 424, 154, 87, 95, 66, 392, 43, 176, 112]",0-100000,"['family', 'beach', 'family']","['Taman Hiburan', 'Budaya']",3.3
107,108,Klaten,33,"-6.128672,106.772543","[296, 223, 373, 408, 99, 316, 405, 211, 98, 319, 72, 91, 40, 229, 67, 206, 245, 38, 324, 182, 327, 247, 232, 2, 34, 143, 237, 10, 82, 217, 162, 228, 328, 225, 48, 244, 37, 68, 432, 252, 109, 62, 140, 235, 81, 22, 198, 238, 401, 153, 207, 371, 51, 376, 190, 399, 407, 126, 221, 65, 361]",0-100000,"['hiking', 'hiking', 'cultural', 'family']","['Taman Hiburan', 'Cagar Alam']",4.2
108,109,Solo,18,"-6.202939,106.844496","[262, 24, 216, 267, 290, 339, 253, 26, 309, 188, 417, 183, 213, 412, 342, 226, 10, 368, 285, 287, 54, 326, 117, 254, 102, 197, 118, 240, 198, 256, 437, 132]",0-100000,"['cultural', 'beach', 'historical']","['Taman Hiburan', 'Budaya']",3.7
109,110,Tanggerang,39,"-6.264009,106.906612","[209, 409, 61, 260, 146, 354, 206, 363, 200, 245, 60, 221, 335, 266, 98]",0-100000,"['culinary', 'shopping', 'cultural']","['Budaya', 'Cagar Alam']",3.6
110,111,Serang,38,"-6.266573,106.895176","[84, 134, 332, 54, 119, 361, 111, 7, 199, 338, 190, 400, 211, 51, 194, 32, 331, 243, 350, 67, 102, 125, 436, 30, 187, 175, 203, 163, 107, 221, 284, 299, 80, 60, 147, 39, 395, 251, 33, 126, 142]",0-100000,"['family', 'cultural', 'hiking']","['Budaya', 'Taman Hiburan']",4.6
111,112,Cilacap,18,"-6.301332,106.779217","[359, 218, 137, 324, 309, 36, 318, 395, 269, 170, 307, 155, 266, 204, 296, 65, 364, 205, 22, 365, 158, 436, 27]",0-100000,"['beach', 'historical', 'family', 'cultural']","['Cagar Alam', 'Taman Hiburan']",4.3
112,113,Semarang,38,"-7.299250,110.320288","[308, 181, 349, 41, 166, 32, 212, 397, 358, 76, 293, 170, 73, 336, 302, 239, 17, 330, 259, 345, 341, 189, 11, 135, 432, 421, 238, 260, 35, 384, 255, 33, 197, 276, 367, 81, 250, 426, 172, 162, 415, 169]",0-100000,"['shopping', 'photography', 'shopping', 'beach', 'cultural']","['Budaya', 'Taman Hiburan']",4.3
113,114,Yogyakarta,39,"-7.860261,110.280994","[149, 153, 272, 198, 418, 309, 322, 388, 250, 82, 44, 424, 278, 110, 1, 4, 67, 232]",0-100000,"['culinary', 'historical', 'photography', 'shopping']","['Cagar Alam', 'Budaya']",4.7
114,115,Kota Gede,26,"-6.290130,106.798191","[410, 224, 436, 246, 20, 39, 48, 120, 361, 420, 111, 382, 27, 26, 349, 371, 36, 377, 389, 187, 182, 364, 42, 251, 195, 131, 238, 166, 102, 146, 191, 309, 392, 124, 110, 69, 87, 277, 399, 311, 278, 430, 208, 368, 101, 154, 45, 159, 423, 33, 282, 98, 418, 81, 323, 242, 8, 383]",0-100000,"['hiking', 'cultural', 'cultural', 'shopping', 'beach']","['Taman Hiburan', 'Cagar Alam']",3.6
115,116,Cirebon,23,"-6.183283,106.830878","[412, 113, 81, 32, 43, 53, 211, 426, 149, 281, 386, 407, 335, 318, 172, 49, 16, 305, 184, 300, 422, 135, 252, 381, 7, 354, 185, 400, 223, 414, 1, 253, 74, 209, 143, 416, 117, 385, 84, 192, 228, 214, 96, 358, 47, 308]",0-100000,"['culinary', 'cultural', 'culinary']","['Budaya', 'Cagar Alam']",3.3
116,117,Subang,30,"-6.290646,106.868395","[348, 72, 285, 229, 354, 243, 325, 405, 203, 91, 224, 422, 233, 403, 251, 179, 275, 142, 271, 331, 120, 198, 239, 225, 90]",0-100000,"['nature', 'cultural', 'shopping', 'photography']","['Taman Hiburan', 'Budaya']",3.4
117,118,Karawang,32,"-6.260753,106.911146","[96, 20, 164, 137, 172, 323, 266, 421, 324, 217, 158, 66, 391, 204, 346, 122, 393, 286]",87496-187496,"['photography', 'hiking', 'shopping', 'adventure', 'cultural']","['Cagar Alam', 'Budaya']",3.1
118,119,Purwakarat,25,"-6.161419,106.761798","[162, 160, 4, 366, 204, 80, 6, 135, 70, 63, 152, 147, 113, 209, 10, 284, 243, 325, 129, 350, 216, 349, 237, 370, 89, 144, 404, 119, 56, 250, 198, 337, 159, 84, 131, 346, 411, 208, 61, 364, 416, 46, 257, 309, 13, 81, 419, 264, 65, 148, 333, 260, 338, 326, 195, 283, 24]",0-100000,"['family', 'beach', 'hiking', 'beach']","['Budaya', 'Taman Hiburan']",4.6
119,120,Jakarta Utara,32,"-6.171478,106.909326","[276, 234, 303, 46, 353, 191, 281, 237, 421, 54, 405, 238, 256, 334, 379, 300, 93, 346, 29, 361, 228, 74, 117, 94, 374, 6, 204, 166, 189, 226, 290, 179, 173, 4, 152, 130, 415, 420, 274, 182]",0-100000,"['family', 'cultural', 'shopping', 'beach', 'historical']","['Taman Hiburan', 'Budaya']",4.0
120,121,Jakarta Selatan,35,"-6.279836,106.902549","[290, 60, 433, 225, 346, 309, 120, 248, 389, 322, 371, 348, 213, 235, 278, 276, 258, 196, 372, 184, 341, 241, 92, 161, 91, 122, 115, 297, 328, 269, 361, 325, 201, 223, 68, 116, 320, 162, 394, 204, 275, 192, 245, 326, 397, 436, 313, 299, 118, 9, 55, 104, 10, 84, 288, 45, 176, 139, 253, 131]",0-100000,"['historical', 'shopping', 'hiking', 'beach', 'culinary']","['Cagar Alam', 'Taman Hiburan']",3.4
121,122,Jakarta Pusat,24,"-6.160681,106.895070","[35, 273, 69, 122, 422, 423, 409, 68, 174, 379, 109, 242, 130, 30, 99, 137, 261, 394, 224, 105, 164, 85, 296, 17, 142, 93, 155, 190, 350, 309, 171, 185, 425, 371, 76, 435, 410]",39280-139280,"['cultural', 'nature', 'culinary', 'hiking']","['Taman Hiburan', 'Cagar Alam']",3.0
122,123,Bekasi,32,"-6.295834,106.785956","[305, 143, 164, 162, 169, 95, 131, 377, 365, 182, 156, 379, 22, 206, 99, 296, 349, 252, 106, 9, 280, 219, 242, 320, 26, 198, 16, 204, 363, 297, 63, 185, 186, 249, 12, 338, 361, 221, 145, 427, 340, 239, 129, 180, 178, 109, 29, 225, 434, 53, 356, 87, 401, 30, 402, 120, 211, 91, 335, 311]",58076-158076,"['family', 'nature', 'historical']","['Taman Hiburan', 'Cagar Alam']",3.5
123,124,Bogor,22,"-6.231011,106.855301","[103, 70, 187, 54, 131, 134, 39, 379, 195, 97, 421, 367, 383, 281, 145, 124, 265, 123, 28, 35, 36, 38, 80, 314, 68, 380, 255]",0-100000,"['photography', 'cultural', 'photography', 'cultural']","['Budaya', 'Taman Hiburan']",3.4
124,125,Karawang,24,"-6.216530,106.849722","[200, 299, 10, 138, 234, 223, 407, 120, 258, 69, 118, 295, 244, 125, 285, 353, 24, 381, 344, 267, 214, 53, 58]",0-100000,"['hiking', 'hiking', 'hiking', 'hiking']","['Budaya', 'Taman Hiburan']",3.8
125,126,Subang,32,"-6.252886,106.933809","[235, 94, 322, 329, 177, 13, 5, 341, 225, 330, 425, 21, 155, 267, 208, 83, 280, 186]",0-100000,"['shopping', 'beach', 'historical', 'family', 'historical']","['Taman Hiburan', 'Cagar Alam']",4.0
126,127,Serang,38,"-6.144263,106.884820","[170, 305, 215, 149, 57]",0-100000,"['adventure', 'hiking', 'adventure', 'beach', 'family']","['Cagar Alam', 'Taman Hiburan']",4.6
127,128,Tanggerang,28,"-6.163794,106.867646","[188, 279, 377, 3, 383, 131, 403, 338, 220, 287, 319, 347, 349, 315, 117, 374, 357, 407, 425, 351, 325, 267, 209, 71, 85, 48, 49, 146, 200, 255]",0-100000,"['hiking', 'cultural', 'shopping']","['Taman Hiburan', 'Cagar Alam']",4.3
128,129,Kota Gede,29,"-6.157677,106.803738","[205, 272, 334]",0-100000,"['family', 'cultural', 'adventure', 'cultural', 'cultural']","['Taman Hiburan', 'Budaya']",3.6
129,130,Yogyakarta,27,"-7.887481,110.443159","[320, 284, 328, 117, 111, 52, 67, 22, 8, 397, 395, 46, 190, 116, 296, 216, 277, 2, 373, 99, 6, 194, 90, 167, 202, 145, 258, 77, 266, 252, 73, 434, 352, 378, 33, 297, 69, 374, 418, 298, 1, 291, 375, 113, 360]",0-100000,"['cultural', 'beach', 'photography']","['Taman Hiburan', 'Budaya']",3.9
130,131,Lampung,21,"-6.143663,106.843976","[277, 244, 302, 62, 315, 23, 419, 276, 206, 337, 7, 403, 279, 231, 61, 343, 397, 71, 389, 167, 395, 422, 93, 31, 436, 81, 255, 311, 429, 245, 108, 3, 171, 234, 425, 4]",0-100000,"['hiking', 'family', 'nature']","['Taman Hiburan', 'Cagar Alam']",4.1
131,132,Ponorogo,31,"-6.183886,106.756911","[199, 365, 326, 262, 108, 187, 44, 66, 283, 136, 63, 408, 50, 28, 208, 220, 58, 348, 231, 7, 19, 219, 100, 213, 354, 222, 247, 253, 369, 26, 322, 197, 430, 309, 305, 421, 295, 195, 15, 422, 141, 329, 85, 302, 201, 9, 353, 74, 37, 411, 287, 218, 30, 399, 184, 382, 224, 355, 12]",0-100000,"['nature', 'cultural', 'family']","['Taman Hiburan', 'Cagar Alam']",3.6
132,133,Surabaya,29,"-7.379996,112.840577","[153, 169, 202, 9, 162, 35, 137, 384, 63, 43, 239, 250, 330, 148, 306, 367, 181, 407, 185, 259, 147, 87, 29, 287, 223, 141, 279, 366, 289, 270, 48, 420, 247, 403, 42, 213, 118, 304, 191, 432, 120, 361, 15, 427, 364]",0-100000,"['culinary', 'beach', 'historical']","['Budaya', 'Taman Hiburan']",3.9
133,134,Nganjuk,27,"-6.138972,106.804785","[247, 358, 25, 160, 348, 412, 415, 191, 228, 26, 384, 116]",38715-138715,"['cultural', 'culinary', 'beach', 'photography']","['Budaya', 'Pusat Perbelanjaan']",3.8
134,135,Madura,22,"-6.218874,106.830104","[117, 239, 410, 130, 201, 302, 370, 90, 48, 52, 305, 104, 430, 18, 363, 270, 225, 252, 132, 381, 44, 380, 15, 317, 433, 373, 93, 266, 47, 391, 28, 351, 333, 307, 296, 78, 183, 320, 106, 426, 349]",0-100000,"['cultural', 'beach', 'family', 'cultural']","['Taman Hiburan', 'Budaya']",4.0
135,136,Semarang,35,"-7.241539,110.435819","[399, 179, 289, 201, 298, 101, 403, 343, 56, 319, 287, 205, 13, 95, 262, 177, 9, 378, 420, 327, 175, 386, 337, 191, 79, 100, 297, 19, 165, 284, 363, 37, 135, 432, 42, 36, 410, 1, 406, 84, 173, 301, 408, 157, 71, 392, 379, 393, 24, 119, 107, 277, 8, 65, 206, 139, 251, 414, 352, 96]",0-100000,"['adventure', 'historical', 'culinary', 'beach']","['Taman Hiburan', 'Cagar Alam']",3.8
136,137,Bandung,28,"-6.666995,107.684278","[213, 129, 190, 357, 342, 418, 322, 292, 221, 346, 15, 193, 285, 11, 351, 137, 373, 326, 93, 55, 279, 320, 69, 282, 306, 296, 87, 372, 150]",5308-105308,"['cultural', 'historical', 'cultural', 'family']","['Cagar Alam', 'Budaya']",5.0
137,138,Yogyakarta,25,"-7.861604,110.348597","[15, 89, 342]",0-100000,"['cultural', 'beach', 'shopping', 'hiking']","['Pusat Perbelanjaan', 'Budaya']",5.1
138,139,Bekasi,33,"-6.194714,106.789924","[395, 326, 110, 334, 160, 64, 216, 419, 432, 390, 37, 213, 248, 146, 393]",0-100000,"['hiking', 'beach', 'historical']","['Taman Hiburan', 'Cagar Alam']",5.1
139,140,Surabaya,25,"-7.253998,112.733939","[364, 298, 186, 398, 2, 432, 226, 306, 246, 66, 84, 389, 198, 410, 38, 269, 405]",0-100000,"['culinary', 'culinary', 'historical']","['Taman Hiburan', 'Cagar Alam']",3.5
140,141,Kota Gede,34,"-6.290521,106.793777","[317, 323, 112, 48, 217, 250, 100, 359, 206, 382, 212, 117, 86, 148, 218, 313, 435, 395, 7, 360, 102, 386, 338, 378, 171, 185, 278, 161, 223, 107, 389, 322, 314, 203, 200, 66, 2, 423, 369, 57, 47, 432, 376, 287, 1]",0-100000,"['culinary', 'family', 'culinary', 'cultural']","['Cagar Alam', 'Budaya']",3.0
141,142,Bekasi,29,"-6.255978,106.772023","[370, 309, 364, 68, 395, 98, 41, 92, 433, 6, 133, 23, 34, 340, 131, 125, 318, 74, 148, 43, 62, 2, 264, 212]",11570-111570,"['beach', 'culinary', 'cultural', 'cultural']","['Taman Hiburan', 'Budaya']",3.6
142,143,Bogor,25,"-6.220829,106.904918","[234, 359, 279, 263, 306, 87, 282, 421, 270, 254, 60, 10, 222, 64, 74, 257, 13, 349, 139, 388, 3, 415, 376, 110, 356, 322, 109, 33, 253, 59, 324, 28, 172, 402, 4, 92, 375, 176, 325, 370, 129, 44, 57, 40, 111, 27, 392, 207, 48, 226, 125, 116, 286, 121, 433, 102]",49599-149599,"['cultural', 'family', 'cultural']","['Budaya', 'Taman Hiburan']",3.9
143,144,Depok,18,"-6.256969,106.807174","[66, 151, 319, 351, 119, 346, 178, 87, 93, 16, 324, 161, 91, 29, 403, 384, 321, 114, 299, 56, 165, 107, 342, 230, 22, 374, 436, 328, 235, 312, 234, 50, 79, 198, 270, 76, 276, 224, 44, 399, 366, 390, 45, 77, 6, 14, 18, 189, 296, 302, 211, 400, 152, 158, 383, 1, 367, 116, 5, 325, 345]",80750-180750,"['cultural', 'hiking', 'photography', 'cultural']","['Taman Hiburan', 'Cagar Alam']",4.7
144,145,Tanggerang,37,"-6.259923,106.938320","[199, 5, 92, 332, 284, 348, 153, 371, 343, 20, 388, 418, 2, 198, 172, 38, 102, 258, 385]",10794-110794,"['hiking', 'family', 'beach', 'hiking']","['Budaya', 'Bahari']",4.2
145,146,Serang,38,"-6.205750,106.757330","[353, 148, 384, 169, 420, 168, 249, 260, 153, 376, 310, 262, 18, 302, 362, 70, 7, 313, 240, 154]",3956-103956,"['hiking', 'photography', 'family', 'hiking', 'cultural']","['Cagar Alam', 'Budaya']",3.5
146,147,Semarang,18,"-7.141985,110.378021","[252, 321, 31, 312, 33, 149, 64, 437, 76, 107, 220, 344, 394, 370, 22, 351, 357, 434, 23, 70, 270, 9, 103, 110, 293, 193, 130, 435, 250, 155, 380, 97, 360, 128, 204, 117, 79, 199, 60, 156, 141, 194, 208, 367]",0-100000,"['family', 'cultural', 'beach']","['Taman Hiburan', 'Cagar Alam']",4.4
147,148,Bekasi,33,"-6.186757,106.902365","[241, 72, 65, 334, 93, 49, 285, 38, 197, 340, 88, 120, 342, 331, 204, 301, 263]",10708-110708,"['cultural', 'culinary', 'family']","['Budaya', 'Taman Hiburan']",4.6
148,149,Cirebon,30,"-6.210581,106.891623","[132, 3, 315, 411, 106, 33, 289, 51, 383, 28, 230, 130, 13, 235, 375, 244, 412, 397, 192, 146, 233]",454-100454,"['cultural', 'beach', 'historical', 'culinary']","['Taman Hiburan', 'Cagar Alam']",4.1
149,150,Bekasi,40,"-6.257777,106.891519","[352, 90, 242, 164, 295, 345, 293, 16, 179, 271, 97, 1, 8, 217, 327, 163, 421, 272, 189, 322, 144, 91, 288, 356, 283, 105, 275, 428, 42, 340, 227, 384, 268, 259, 139, 191, 257, 397, 347, 290, 74, 332, 282, 353, 285, 269, 273, 267]",0-100000,"['historical', 'family', 'beach']","['Budaya', 'Taman Hiburan']",4.7
150,151,Lampung,36,"-6.167979,106.918271","[224, 307, 323, 14, 277, 134, 199, 143, 154]",26057-126057,"['shopping', 'cultural', 'hiking', 'photography', 'photography']","['Bahari', 'Taman Hiburan']",4.3
151,152,Jakarta Utara,25,"-6.265803,106.846835","[220, 61, 58, 384, 250, 90, 152, 357]",4825-104825,"['cultural', 'culinary', 'beach', 'beach', 'historical']","['Taman Hiburan', 'Budaya']",4.1
152,153,Jakarta Selatan,39,"-6.226152,106.925847","[273, 13, 244, 162, 82, 305, 216, 296, 379, 237, 224, 256, 84, 181, 251, 55, 312, 64, 212, 174, 290, 101, 196, 171, 306, 56, 120, 165, 374, 297]",0-100000,"['adventure', 'beach', 'historical', 'adventure']","['Cagar Alam', 'Budaya']",3.3
153,154,Bandung,31,"-6.790798,107.683553","[180, 264, 384, 402, 126, 369, 409, 335, 388, 215, 361, 305, 331, 417, 427, 54, 357, 426, 250, 343, 6, 421, 79, 101, 61, 44, 406, 205, 240, 310, 262, 86, 143, 124, 364, 414, 174, 293, 338, 288, 140, 330, 165, 235, 385, 210, 373, 47, 393, 5, 348, 300, 243, 286, 422, 19]",12222-112222,"['historical', 'historical', 'cultural', 'culinary', 'cultural']","['Budaya', 'Taman Hiburan']",3.1
154,155,Surabaya,37,"-7.378342,112.763684","[353, 418, 160, 11, 300]",2496-102496,"['family', 'hiking', 'cultural']","['Bahari', 'Pusat Perbelanjaan']",4.2
155,156,Bekasi,31,"-6.197517,106.891512","[296, 319, 28, 370, 44, 271, 43, 263, 56, 249, 221, 13, 179, 208, 69, 309, 48, 378, 419, 430, 344, 334, 373, 90, 305, 203, 54, 224, 328, 79, 147, 401, 392, 110, 349, 389, 366, 53, 187, 62, 153, 196, 144, 412, 348]",0-100000,"['culinary', 'hiking', 'cultural', 'beach']","['Taman Hiburan', 'Budaya']",4.2
156,157,Yogyakarta,28,"-7.771781,110.282718","[288, 38, 122, 207, 410, 362, 323, 399, 137, 405, 169, 395, 328, 161, 89, 312, 379, 321, 317, 235, 242, 259, 431, 292, 99, 389, 367, 419, 280, 407, 138, 175, 13, 29, 287, 299, 198, 166, 381, 437, 178, 277, 222]",0-100000,"['cultural', 'beach', 'adventure', 'cultural', 'historical']","['Cagar Alam', 'Taman Hiburan']",3.9
157,158,Bogor,23,"-6.251188,106.857957","[126, 311, 433]",0-100000,"['family', 'beach', 'photography']","['Bahari', 'Cagar Alam']",4.5
158,159,Depok,20,"-6.269584,106.874415","[289, 432, 4, 6, 98, 58, 288, 178, 181, 183, 338, 405, 319, 409, 68, 215, 355, 20, 397, 303]",0-100000,"['beach', 'nature', 'beach', 'shopping', 'hiking']","['Taman Hiburan', 'Cagar Alam']",3.8
159,160,Jakarta Pusat,36,"-6.138426,106.865497","[69, 11, 34, 242, 143, 207, 339, 155, 279, 275, 369, 376, 266, 295, 213, 412, 277, 40, 407, 428, 160, 77, 31]",0-100000,"['culinary', 'culinary', 'historical', 'beach', 'beach']","['Budaya', 'Cagar Alam']",4.2
160,161,Jakarta Timur,33,"-6.130383,106.768337","[60, 206, 293, 35, 4, 16, 341, 159, 242, 89, 42, 153, 180, 63, 48, 244, 106, 90, 78, 364, 313, 218, 208, 205, 44, 372, 52, 428, 280, 406, 276, 409, 104, 76, 240, 412, 214, 251]",0-100000,"['cultural', 'photography', 'cultural']","['Taman Hiburan', 'Budaya']",3.9
161,162,Bekasi,25,"-6.289610,106.845617","[219, 120, 143, 246, 77, 200, 4, 392, 28, 39, 59]",15246-115246,"['cultural', 'cultural', 'hiking', 'historical', 'adventure']","['Cagar Alam', 'Taman Hiburan']",3.8
162,163,Semarang,40,"-7.158690,110.392492","[118, 303, 109, 161, 43, 164, 242, 269, 127, 92]",0-100000,"['hiking', 'family', 'family', 'cultural']","['Taman Hiburan', 'Cagar Alam']",4.7
163,164,Yogyakarta,19,"-7.723564,110.417257","[159, 6, 221, 120, 345, 278, 224, 84, 217, 298, 389, 22, 300, 388, 256, 68, 311, 337, 193, 183, 143, 39, 361]",0-100000,"['historical', 'shopping', 'cultural', 'cultural']","['Cagar Alam', 'Taman Hiburan']",3.7
164,165,Cirebon,23,"-6.116518,106.780982","[94, 390, 209, 384, 53, 148, 331, 226, 60, 190, 158, 238, 22, 85, 181, 222, 156, 103, 335, 245, 221, 110, 408, 108, 16, 323, 326, 34, 95, 329, 193, 279, 301, 359, 114, 194, 233, 80, 170, 370, 112, 202, 173, 375, 294, 145, 239]",0-100000,"['photography', 'beach', 'beach', 'cultural']","['Budaya', 'Taman Hiburan']",3.8
165,166,Lampung,26,"-6.243976,106.796710","[152, 129, 134, 247, 29, 399, 142, 316, 146, 31, 166, 255, 149, 225, 58, 207, 408, 218, 311, 249, 395, 242, 182, 419, 132, 350, 404, 10, 111, 421, 274, 103, 190, 388, 48, 52, 77, 41, 124, 105, 253, 39, 429, 88, 297, 370, 59, 117, 245, 211, 300, 220, 286, 338]",0-100000,"['historical', 'historical', 'adventure']","['Taman Hiburan', 'Cagar Alam']",3.9
166,167,Semarang,19,"-7.183276,110.374652","[43, 411, 256, 340, 260, 148, 432, 48, 119, 247, 346, 371]",33010-133010,"['family', 'beach', 'family', 'family', 'beach']","['Taman Hiburan', 'Budaya']",4.4
167,168,Subang,38,"-6.199352,106.837198","[113, 297, 378, 149, 276, 332, 357, 114, 286, 72, 43, 374, 327, 174, 387, 384, 186, 202, 123, 321, 71, 197, 385]",0-100000,"['beach', 'hiking', 'adventure', 'cultural', 'photography']","['Taman Hiburan', 'Cagar Alam']",3.8
168,169,Jakarta Barat,18,"-6.124921,106.845482","[211, 49, 167, 119, 18, 88, 267]",24569-124569,"['historical', 'nature', 'culinary']","['Budaya', 'Cagar Alam']",3.8
169,170,Bekasi,19,"-6.263737,106.910195","[6, 211, 370, 18, 253, 385, 111, 105, 237, 269, 268, 329, 82, 133, 305, 155, 49, 23, 334, 255, 425, 168, 174, 200, 364, 376, 36, 327, 188, 219, 46]",0-100000,"['cultural', 'cultural', 'family', 'family']","['Taman Hiburan', 'Budaya']",5.0
170,171,Lampung,33,"-6.133752,106.816661","[197, 305, 368, 166, 300, 133, 192, 142, 92, 242, 411, 123, 208, 27, 398, 95, 163, 274, 273, 184, 358, 223, 15, 159, 307, 59, 71, 285, 362, 80, 198, 268, 407, 195, 217, 5, 196, 22, 175, 51, 283, 24, 232, 47, 100, 380, 63, 177, 148, 135, 275]",0-100000,"['culinary', 'photography', 'beach', 'adventure']","['Cagar Alam', 'Taman Hiburan']",3.8
171,172,Palembang,34,"-6.115588,106.881780","[349, 233, 89, 82, 326, 69, 433, 93, 110, 247, 364, 380, 151, 192, 84, 145, 281, 415, 65, 39, 160, 269, 35, 8, 382, 171, 316, 367, 4, 62, 94, 425, 158, 290, 287, 163, 346, 280, 216, 409, 341, 219, 369, 218, 309, 55, 168, 395, 22, 67, 17, 227]",0-100000,"['historical', 'photography', 'cultural']","['Taman Hiburan', 'Cagar Alam']",4.9
172,173,Bogor,29,"-6.256527,106.829918","[25, 389, 198, 338, 93, 352, 127, 275, 422, 67, 388, 225, 101, 129, 98, 335, 383, 158, 85, 376, 313, 58, 157]",0-100000,"['beach', 'adventure', 'culinary', 'shopping', 'hiking']","['Taman Hiburan', 'Cagar Alam']",4.5
173,174,Sragen,32,"-6.227474,106.930878","[38, 344, 14, 139, 186, 339, 90, 274, 165, 25, 333, 327, 123, 366, 42, 414, 183, 293, 301, 311, 112, 121, 433, 295, 170, 265, 304, 93, 155, 55, 403, 410, 67, 91, 168, 368, 379, 124, 267, 40, 392, 212, 105, 65, 70, 233, 131, 11, 427, 257, 437, 79, 152, 114, 395]",0-100000,"['cultural', 'nature', 'cultural', 'hiking', 'cultural']","['Budaya', 'Taman Hiburan']",3.1
174,175,Ponorogo,36,"-6.187974,106.781615","[2, 96, 254, 217, 362, 351, 126, 195, 19, 259, 375, 78, 65, 88, 332, 286, 62, 218, 397, 63, 79, 38, 41, 284, 301, 421, 416]",0-100000,"['nature', 'cultural', 'cultural', 'beach']","['Budaya', 'Taman Hiburan']",4.0
175,176,Depok,31,"-6.267439,106.823306","[104, 203, 193, 6, 421, 389, 411, 221, 376, 106, 61, 63, 166, 16, 328, 39, 167, 27, 69, 278, 383, 282, 302, 172, 222, 291, 266, 373, 148, 205, 368, 242, 417]",0-100000,"['historical', 'nature', 'beach', 'culinary', 'culinary']","['Budaya', 'Cagar Alam']",4.1
176,177,Jakarta Selatan,35,"-6.187693,106.899988","[340, 161, 58, 131, 67, 64, 364, 421, 176, 435, 413, 38, 296, 14, 206, 40, 79, 241, 295, 311, 214, 370, 97, 339, 363, 256, 117, 412, 188, 408, 3, 378, 288, 213, 353, 76, 191, 419, 202, 193, 69, 123, 210, 430, 418, 341, 177, 181]",0-100000,"['cultural', 'hiking', 'culinary', 'culinary']","['Budaya', 'Taman Hiburan']",4.2
177,178,Bekasi,33,"-6.164119,106.879679","[20, 146, 386, 435, 358, 68, 319, 94, 114, 304, 291, 129, 62, 207, 257, 122, 396, 187, 2, 421, 175, 14, 125]",76859-176859,"['cultural', 'hiking', 'cultural', 'beach', 'nature']","['Budaya', 'Taman Hiburan']",3.9
178,179,Ponorogo,27,"-6.178002,106.905284","[227, 304, 379, 110, 316, 345, 122, 53, 289, 321, 141, 166, 352, 187, 57, 367, 270, 287]",0-100000,"['hiking', 'culinary', 'cultural']","['Cagar Alam', 'Taman Hiburan']",3.7
179,180,Sragen,24,"-6.244724,106.878531","[371, 130, 86]",475-100475,"['family', 'beach', 'beach', 'shopping']","['Budaya', 'Taman Hiburan']",3.8
180,181,Klaten,29,"-6.136227,106.861579","[327, 342, 174, 118, 352, 177, 151, 89, 85, 154, 165, 173, 13, 296, 411, 179, 23, 255, 309, 323, 57, 65, 159, 41, 16, 283, 394, 208, 68, 115, 12, 134, 246, 20, 145, 321, 428, 324, 107, 360, 312, 46, 61, 294, 78, 405, 18, 144, 62, 38, 437, 206, 202, 141, 203, 119, 156, 123, 325, 6]",73513-173513,"['culinary', 'cultural', 'nature', 'family']","['Budaya', 'Taman Hiburan']",3.3
181,182,Solo,34,"-6.299536,106.788550","[260, 320, 255, 370, 56, 42, 190, 86, 293, 19, 11, 46, 334, 415, 405, 325, 351, 5, 230, 187, 371, 360, 284, 23, 80, 70, 88, 79, 203, 364, 9, 95, 425, 30, 83, 182, 51, 394, 210, 216, 403, 247, 201, 148, 78, 8, 68, 113, 344, 432, 343, 121, 335, 31, 155, 57, 328]",0-100000,"['beach', 'historical', 'family', 'shopping']","['Taman Hiburan', 'Budaya']",4.6
182,183,Tanggerang,37,"-6.269444,106.789481","[362, 353, 48, 214, 35, 69, 54, 160, 83, 430, 6, 360, 158, 217, 36, 132, 117]",0-100000,"['historical', 'adventure', 'cultural', 'shopping']","['Taman Hiburan', 'Cagar Alam']",4.2
183,184,Serang,30,"-6.275164,106.923723","[272, 144, 125, 162]",115923-215923,"['cultural', 'cultural', 'cultural', 'hiking']","['Budaya', 'Cagar Alam']",3.8
184,185,Cilacap,33,"-6.214473,106.822938","[405, 70, 164, 209, 233]",0-100000,"['photography', 'hiking', 'photography', 'family']","['Cagar Alam', 'Budaya']",4.0
185,186,Semarang,28,"-7.216317,110.398822","[431, 74, 152, 411]",0-100000,"['hiking', 'shopping', 'shopping', 'historical', 'culinary']","['Budaya', 'Bahari']",4.3
186,187,Yogyakarta,25,"-7.857277,110.380511","[308, 208, 406, 360, 354, 16, 157, 206, 319, 140, 344, 99, 13, 324, 380, 245, 72, 103]",0-100000,"['family', 'hiking', 'family', 'family']","['Cagar Alam', 'Taman Hiburan']",4.0
187,188,Kota Gede,37,"-6.113726,106.844107","[250, 373, 192, 316]",0-100000,"['beach', 'cultural', 'culinary', 'beach', 'hiking']","['Cagar Alam', 'Taman Hiburan']",4.0
188,189,Cirebon,21,"-6.305577,106.838017","[204, 207, 146, 36, 286, 334, 306, 87, 379, 212, 432, 241, 249, 231, 80, 422, 101, 128, 122, 302, 259, 167, 113, 316, 185, 437, 418, 374, 187]",0-100000,"['family', 'shopping', 'beach', 'beach', 'photography']","['Taman Hiburan', 'Budaya']",4.1
189,190,Subang,18,"-6.189432,106.775602","[328, 92, 297, 164, 193, 280, 348, 232, 391, 434, 413, 272, 174, 146, 302, 188, 162, 406, 381, 80, 109]",2618-102618,"['beach', 'beach', 'culinary', 'hiking']","['Cagar Alam', 'Budaya']",3.9
190,191,Karawang,32,"-6.304876,106.782531","[297, 106, 314, 403, 205]",60133-160133,"['beach', 'photography', 'historical', 'historical']","['Taman Hiburan', 'Cagar Alam']",4.1
191,192,Purwakarat,37,"-6.286426,106.755081","[395, 199, 125]",38051-138051,"['cultural', 'culinary', 'beach', 'shopping']","['Budaya', 'Bahari']",4.0
192,193,Jakarta Utara,20,"-6.121366,106.872186","[4, 115, 430, 257, 384, 238, 187, 233, 138, 434, 170, 53, 412, 20, 403, 265, 316, 190, 172, 382, 45, 111, 350, 307, 109, 198, 358, 269, 294, 292, 218, 418, 97, 310, 322, 96, 234, 389, 61, 180, 87, 251, 175, 71, 367, 221, 164, 317, 1, 281, 196, 377, 300]",12767-112767,"['family', 'cultural', 'culinary']","['Budaya', 'Cagar Alam']",3.8
193,194,Jakarta Selatan,31,"-6.199812,106.841963","[190, 281, 82, 88, 423, 186, 341, 141, 12, 98]",0-100000,"['cultural', 'family', 'beach', 'nature']","['Bahari', 'Budaya']",4.4
194,195,Jakarta Pusat,29,"-6.237839,106.915607","[89, 339, 26, 120, 59, 213, 259, 416, 338, 266, 117, 308, 7, 319, 373, 12, 135, 5, 80]",0-100000,"['beach', 'cultural', 'culinary', 'culinary', 'beach']","['Budaya', 'Cagar Alam']",3.9
195,196,Bekasi,28,"-6.123233,106.767661","[130, 401, 437, 214, 5, 145, 268, 383, 326, 8, 184, 133, 316, 131, 381, 423, 77, 374, 18, 216]",0-100000,"['hiking', 'historical', 'historical', 'beach']","['Taman Hiburan', 'Cagar Alam']",3.9
196,197,Bogor,27,"-6.236439,106.757568","[13, 207, 196, 273, 38]",28988-128988,"['beach', 'cultural', 'cultural', 'family']","['Bahari', 'Budaya']",3.0
197,198,Karawang,26,"-6.306605,106.819399","[100, 311, 126, 393, 339, 354, 87, 106, 85, 187, 260, 424, 49, 290, 300, 383, 416, 347, 185, 150, 90, 231, 156, 224, 272, 206, 121, 308, 432, 78, 80, 427, 218, 352]",0-100000,"['family', 'culinary', 'cultural', 'shopping', 'culinary']","['Budaya', 'Taman Hiburan']",4.6
198,199,Subang,18,"-6.279166,106.888456","[41, 270, 46, 413, 347, 148, 316, 278, 14, 332, 132, 172, 82, 91, 242, 292, 326, 264, 300, 325, 375, 393, 398, 241, 74, 330, 174, 19, 21, 154]",0-100000,"['nature', 'cultural', 'adventure']","['Cagar Alam', 'Budaya']",3.8
199,200,Serang,34,"-6.220766,106.822290","[119, 201, 210, 209, 372, 257, 384, 354, 250, 50, 408, 321, 399, 126, 113, 104, 151, 291, 366, 277]",0-100000,"['cultural', 'cultural', 'cultural', 'historical']","['Budaya', 'Taman Hiburan']",4.7
200,201,Bekasi,21,"-6.128561,106.915685","[198, 407, 152]",0-100000,"['nature', 'historical', 'culinary']","['Bahari', 'Taman Hiburan']",4.7
201,202,Lampung,21,"-6.238217,106.814427","[157, 280, 54]",0-100000,"['historical', 'cultural', 'nature', 'beach']","['Taman Hiburan', 'Bahari']",3.3
202,203,Jakarta Utara,24,"-6.130901,106.861867","[203, 51, 369, 222, 71, 78, 244, 136, 271, 413, 267, 61, 121, 410, 179, 23, 423, 361, 355, 100, 428, 120, 47]",43541-143541,"['adventure', 'photography', 'photography']","['Taman Hiburan', 'Budaya']",4.3
203,204,Jakarta Selatan,21,"-6.142155,106.885059","[270, 198, 221, 41, 369, 344, 406, 63, 174, 312, 414, 314, 345, 260, 316, 39, 68, 331, 162, 402, 219, 273, 246, 118, 217, 240, 36, 288, 264, 7, 133, 285, 65, 272, 179, 429, 284, 257, 321, 368, 58, 115, 251, 291, 214, 313, 254]",16438-116438,"['culinary', 'hiking', 'culinary']","['Budaya', 'Cagar Alam']",4.3
204,205,Bandung,24,"-6.731011,107.575914","[4, 57, 2, 152, 93, 245, 249, 247, 359, 150, 146, 173, 202, 80, 40, 366, 192, 22, 246, 414, 83, 27, 193, 71, 191, 190, 104, 147, 380, 417, 391, 337, 349, 140, 317, 348, 316, 189, 177, 240, 233, 34, 49, 353, 203, 357, 279, 223, 250, 216, 378, 265, 394]",0-100000,"['family', 'culinary', 'historical', 'cultural']","['Taman Hiburan', 'Cagar Alam']",4.3
205,206,Surabaya,30,"-7.246265,112.881363","[171, 17, 35, 112, 415, 48, 76, 97, 111, 388, 419, 373, 18, 205, 104, 369, 278, 203, 377, 235, 357, 242, 341, 36, 237, 400, 269, 92, 296, 333, 321, 5, 61, 274, 134, 124, 302, 307, 349, 244, 186]",0-100000,"['culinary', 'cultural', 'photography', 'cultural', 'beach']","['Taman Hiburan', 'Budaya']",3.3
206,207,Bekasi,20,"-6.217042,106.909398","[114, 92, 270, 8, 310, 232, 59, 155, 355, 210, 173, 309, 381, 348, 293, 366, 125, 253, 4, 226, 383, 139, 135, 304, 331, 345, 285, 325, 21, 104, 130, 66, 211]",0-100000,"['nature', 'beach', 'hiking']","['Budaya', 'Taman Hiburan']",4.3
207,208,Yogyakarta,27,"-7.739966,110.301400","[130, 228, 248, 189, 342, 188, 416, 137, 346, 138, 187, 191, 430, 73, 366, 190, 316, 318, 378, 298, 399, 407, 302, 252, 419, 270, 37, 5, 74, 203, 265, 25, 182, 291, 46, 250, 14, 71, 254, 116, 198, 140, 286, 360, 256, 397, 219, 365, 296, 146, 208]",0-100000,"['hiking', 'culinary', 'hiking', 'family']","['Taman Hiburan', 'Cagar Alam']",3.8
208,209,Bogor,19,"-6.186638,106.938047","[148, 435, 69, 413, 437, 251, 269, 368, 257, 110, 108, 313, 213, 287, 337, 168, 164, 324, 1, 326, 157, 138, 289, 126, 169, 71, 100, 364, 107, 271, 205, 91, 61, 103, 417, 278, 203, 429, 430, 294, 422, 75, 348, 135, 301, 349]",30041-130041,"['historical', 'hiking', 'beach', 'cultural', 'family']","['Taman Hiburan', 'Budaya']",4.3
209,210,Depok,18,"-6.126434,106.886720","[91, 16, 107, 271, 377, 147, 277, 168, 370, 257, 174, 200, 106, 223, 364, 173, 48, 145, 113, 375, 27, 104, 126, 296, 31, 414, 378, 428, 36, 263, 431, 119, 214, 419, 254, 267, 86, 144, 32, 330, 340, 128, 344, 397, 51]",0-100000,"['shopping', 'culinary', 'hiking', 'adventure']","['Taman Hiburan', 'Budaya']",4.1
210,211,Jakarta Pusat,22,"-6.259770,106.870833","[391, 47, 40, 170, 108, 146, 250, 435, 429, 135, 249, 96, 107, 237, 276, 61, 383, 409, 175, 56, 242, 130, 145, 119, 167, 103, 283, 230]",0-100000,"['culinary', 'culinary', 'shopping']","['Taman Hiburan', 'Budaya']",4.5
211,212,Jakarta Timur,28,"-6.302786,106.817670","[172, 107, 29, 310, 295, 397, 86, 115, 268, 133, 214, 56, 125, 251, 351, 93, 189, 273, 243, 131, 276, 309, 175, 253]",26479-126479,"['nature', 'historical', 'culinary']","['Budaya', 'Taman Hiburan']",4.4
212,213,Bekasi,20,"-6.259528,106.819082","[292, 103, 77, 155, 184, 412, 109, 336, 48, 47, 14, 219, 189, 49, 21, 191, 370, 357, 401, 88, 287, 252, 176, 123, 226, 218, 136, 367, 404, 312, 358, 280, 19, 168, 206, 62, 325, 175, 203, 300, 236, 178, 134, 331, 199, 234, 396, 179, 100, 154, 311, 281, 6, 118, 316, 233, 37, 274, 143]",0-100000,"['beach', 'historical', 'culinary', 'culinary']","['Taman Hiburan', 'Budaya']",3.9
213,214,Semarang,30,"-7.299175,110.428472","[321, 6, 337, 397, 103, 396, 4, 196, 416, 388, 404, 38, 293, 419, 363, 79, 25, 430, 113, 46, 253, 21, 336, 343, 68, 264, 119, 198, 58, 207, 349, 161, 437, 369, 330, 189, 167, 412, 30]",0-100000,"['cultural', 'hiking', 'cultural']","['Taman Hiburan', 'Budaya']",4.0
214,215,Yogyakarta,23,"-7.803239,110.287925","[409, 415, 296, 107, 276, 72, 362, 349, 214, 329, 410, 31, 302, 61, 161]",0-100000,"['nature', 'shopping', 'beach', 'photography', 'historical']","['Cagar Alam', 'Taman Hiburan']",3.0
215,216,Cirebon,28,"-6.276676,106.909187","[184, 140, 390, 256, 373, 262, 34, 351, 56, 331, 280, 257, 59, 249, 339, 427, 160, 325, 33, 372, 217, 32, 111, 435, 278, 84, 185, 78, 228, 289, 115, 75, 143, 25, 110, 199, 227, 158, 235, 147, 190, 50, 130, 297, 267, 29]",42602-142602,"['culinary', 'nature', 'cultural', 'cultural', 'beach']","['Budaya', 'Taman Hiburan']",3.3
216,217,Lampung,20,"-6.208637,106.933926","[239, 80, 317, 194, 359, 146, 258, 100, 266, 346, 283, 276, 233, 15, 57, 227, 341, 132, 143, 395, 29, 321, 396, 134, 252, 177, 225, 288, 170, 184, 322, 389, 340, 370, 45, 176, 371, 290, 73, 263, 274, 122, 123, 205, 89, 174, 352, 1, 107, 376, 309, 27, 280, 336]",36956-136956,"['beach', 'cultural', 'cultural']","['Cagar Alam', 'Taman Hiburan']",4.9
217,218,Semarang,29,"-7.233407,110.297947","[28, 136, 371, 73, 284, 292, 134, 264, 94, 288, 149, 43, 416, 213, 375, 61, 311, 361, 289, 423, 183, 161, 302, 181, 269, 320, 16, 108, 1, 67, 236, 329, 123, 56]",0-100000,"['beach', 'nature', 'family', 'culinary']","['Cagar Alam', 'Budaya']",4.5
218,219,Subang,24,"-6.307779,106.790865","[180, 148, 218, 79, 37, 424, 224, 432, 307, 304, 263, 275, 12, 230, 238, 271, 134, 122, 43, 107, 199, 433, 319, 31, 69, 202, 348, 143, 207, 256, 270, 84, 166, 409, 390, 33, 310, 151, 338, 172, 157, 403]",0-100000,"['hiking', 'nature', 'family', 'beach']","['Cagar Alam', 'Taman Hiburan']",3.4
219,220,Jakarta Barat,23,"-6.304184,106.841729","[98, 2, 228, 355, 158, 316, 217, 131, 427, 51, 382, 257, 385, 405, 377, 353, 396, 362, 412, 401, 314, 360, 273, 263, 173, 319, 201, 236, 76, 277, 188, 387, 144, 255, 223]",0-100000,"['culinary', 'historical', 'hiking', 'photography', 'historical']","['Cagar Alam', 'Taman Hiburan']",4.2
220,221,Bekasi,30,"-6.168482,106.808235","[156, 41, 226, 305, 160, 63, 251, 216, 267, 105, 436, 102, 410, 151, 181, 309, 404, 195, 164, 54, 329, 357, 62, 234, 219, 290, 386, 231, 402, 170, 400, 308, 414, 434, 304, 20, 119, 189, 107, 15, 150, 361, 394, 19, 241, 10, 28]",0-100000,"['family', 'adventure', 'nature', 'hiking']","['Taman Hiburan', 'Budaya']",3.8
221,222,Lampung,30,"-6.136278,106.893019","[311, 250, 381, 272, 315, 336, 303, 415, 411, 90]",0-100000,"['hiking', 'family', 'hiking']","['Taman Hiburan', 'Budaya']",4.8
222,223,Palembang,20,"-6.258740,106.840033","[417, 136, 68, 287, 199, 168, 58, 223, 177, 295, 179]",0-100000,"['photography', 'beach', 'adventure']","['Taman Hiburan', 'Bahari']",3.9
223,224,Bogor,28,"-6.197415,106.787088","[353, 400, 287, 10, 18, 297, 89, 293, 142, 351, 346, 274, 150, 349, 373, 412, 245, 378, 159, 404, 413, 394, 1, 294, 134, 104, 397, 139, 49, 36, 375, 16, 374, 65, 324, 166, 15, 229, 388, 56]",15953-115953,"['family', 'cultural', 'cultural', 'adventure', 'beach']","['Budaya', 'Taman Hiburan']",4.1
224,225,Sragen,19,"-6.134244,106.906035","[282, 248, 400, 228, 113, 49, 360, 333, 74, 322, 5, 62, 73, 34, 190, 375, 337, 160, 129, 20, 379, 90, 265, 274, 33, 302, 373, 321, 319]",0-100000,"['historical', 'hiking', 'culinary', 'photography', 'shopping']","['Taman Hiburan', 'Budaya']",5.0
225,226,Ponorogo,23,"-6.292758,106.864397","[41, 386, 217, 427, 396, 31, 375, 340, 240, 297, 59, 193, 43, 319, 423, 192, 177, 196, 253, 38, 304, 19, 231, 129, 121, 76, 361, 334, 65, 327, 205, 151, 383, 137, 403, 222, 156, 170, 125, 279, 283, 397, 93, 251, 316]",0-100000,"['family', 'beach', 'shopping', 'hiking']","['Taman Hiburan', 'Budaya']",3.8
226,227,Depok,25,"-6.174921,106.944305","[262, 360, 342, 283, 196, 12, 48, 400, 380, 41, 437, 59, 314, 16, 325, 27, 67, 150, 80, 375, 128, 148, 343, 417, 99, 315, 1, 135, 147, 256, 322, 190, 74, 162, 50, 378, 13, 226]",0-100000,"['historical', 'adventure', 'adventure', 'beach']","['Budaya', 'Cagar Alam']",4.0
227,228,Jakarta Selatan,18,"-6.113992,106.925933","[107, 188, 171, 101, 138, 229, 230, 351, 189, 412, 269, 388, 312, 31, 305, 62, 57, 293, 234, 24, 71, 169, 7, 6, 147, 318, 275, 124, 163, 77, 419, 361, 187, 338, 273, 326, 316, 68, 278, 37, 250, 331, 256, 48, 132, 264, 14, 19, 70, 324, 337, 374, 200, 129, 145, 279, 161, 4, 194, 81, 272]",0-100000,"['beach', 'cultural', 'family']","['Cagar Alam', 'Taman Hiburan']",4.3
228,229,Bekasi,20,"-6.144462,106.875300","[19, 11, 262, 425, 340, 295, 379, 265, 421, 171, 110, 211, 161, 316, 311, 372, 132, 182, 121, 88, 231, 199, 74, 53, 155, 30, 300, 206, 370, 386, 312, 12, 55, 252, 194, 106, 353, 122, 221, 61, 135, 68, 52, 301, 298, 317, 191, 276, 160, 188, 292]",38480-138480,"['family', 'cultural', 'hiking', 'cultural']","['Cagar Alam', 'Budaya']",3.7
229,230,Ponorogo,20,"-6.142336,106.920549","[162, 61, 17, 222, 432, 106, 144, 200, 66, 179, 379, 190, 270, 266, 111, 300, 11, 139, 35]",0-100000,"['historical', 'beach', 'family']","['Budaya', 'Cagar Alam']",3.4
230,231,Sragen,28,"-6.263175,106.918958","[402, 206, 292, 150, 198, 276, 284, 102, 393]",0-100000,"['beach', 'culinary', 'historical', 'cultural']","['Cagar Alam', 'Budaya']",4.1
231,232,Klaten,30,"-6.284514,106.923114","[106, 318, 156, 74, 273, 301, 117, 73, 141, 7, 127, 247, 259, 346, 150, 328, 197, 214, 200, 158, 352, 4, 407, 345, 255, 364, 381, 188, 81, 164, 436, 373, 101, 290, 390, 31]",0-100000,"['cultural', 'historical', 'family', 'cultural', 'beach']","['Taman Hiburan', 'Budaya']",3.7
232,233,Solo,23,"-6.259654,106.941011","[138, 171, 72, 342, 230, 90, 44, 86, 133, 198, 251, 113, 68, 145, 336, 104, 74, 173, 94, 182, 360, 409, 293, 107, 222, 166, 169, 212, 337, 327, 432, 206, 281, 277, 85, 255, 178, 309, 341, 259, 17, 421, 404, 96, 369, 197, 264, 348, 119, 41, 256, 374]",0-100000,"['cultural', 'beach', 'shopping', 'photography', 'family']","['Taman Hiburan', 'Budaya']",3.6
233,234,Tanggerang,27,"-6.307512,106.907374","[154, 179, 394, 357, 396, 134, 81, 147, 332, 158, 366, 60, 267, 63, 359, 335, 208, 167, 423, 67, 341, 253, 53, 102, 389, 252]",4427-104427,"['cultural', 'adventure', 'culinary', 'beach', 'culinary']","['Budaya', 'Cagar Alam']",3.8
234,235,Serang,18,"-6.181930,106.819597","[128, 249, 322, 47, 301, 323, 85, 32, 181, 346, 142, 412, 113, 243, 271, 99, 325, 194, 87, 219, 82, 425, 20, 141, 347, 289, 308, 237, 205, 109, 70, 76, 240, 89, 422, 232, 42, 14, 125, 397, 304, 307, 13, 68, 175, 155, 250, 402, 421, 180, 30, 61, 416, 276, 252, 187, 80, 126, 392, 415, 114]",18109-118109,"['photography', 'hiking', 'beach', 'historical']","['Taman Hiburan', 'Budaya']",4.3
235,236,Cilacap,23,"-6.116899,106.875781","[341, 141, 327, 268, 334, 236, 207, 127, 413, 120, 83, 29, 426]",0-100000,"['cultural', 'family', 'hiking', 'adventure', 'adventure']","['Taman Hiburan', 'Budaya']",4.3
236,237,Semarang,20,"-7.299399,110.332016","[85, 97, 394, 38, 43, 392, 240, 292, 434, 89, 81, 370, 428, 315, 252, 397, 265]",52894-152894,"['beach', 'culinary', 'adventure', 'culinary', 'beach']","['Taman Hiburan', 'Budaya']",4.0
237,238,Yogyakarta,30,"-7.823136,110.386585","[407, 190, 427, 122, 342, 277, 202, 225, 141, 365, 183, 165, 278, 346, 20, 246, 240, 395, 320, 2, 25, 399, 325, 212, 309, 231, 413, 113, 50, 295, 384, 344, 345, 411, 367, 18, 252, 204, 90, 16, 339]",0-100000,"['beach', 'culinary', 'culinary', 'historical']","['Budaya', 'Taman Hiburan']",5.3
238,239,Kota Gede,23,"-6.264699,106.854343","[357, 262, 395, 139, 208, 366, 189, 286, 123, 156, 254, 308, 164, 326, 385, 101, 148, 330, 205, 284, 180, 268, 416, 377]",0-100000,"['beach', 'family', 'nature', 'adventure', 'beach']","['Cagar Alam', 'Budaya']",3.2
239,240,Cirebon,22,"-6.146162,106.793556","[41, 3, 297, 26, 329, 12, 200, 94, 66, 266, 310, 383, 33, 59, 234, 245, 143, 182, 244, 268, 60, 326, 176, 155, 1, 107, 249, 51, 217, 372, 25, 432, 16, 431, 264, 328, 142, 376, 157, 19, 335, 303, 58, 74, 18, 132, 348, 417, 92, 83, 262, 247, 73, 283, 140, 233, 230, 64, 85, 381, 106]",0-100000,"['nature', 'shopping', 'adventure', 'family']","['Taman Hiburan', 'Budaya']",4.5
240,241,Subang,20,"-6.284221,106.809768","[244, 319, 253, 367, 353, 236, 298, 324, 12, 332, 391, 113, 84, 162, 22, 54, 305, 57, 15, 70, 330, 148, 136, 377, 371, 435, 104, 256, 241, 264, 237, 338, 213, 160, 174, 387, 381, 172, 177, 68, 156, 358, 166, 315, 92, 105, 115, 396]",0-100000,"['beach', 'cultural', 'culinary', 'cultural']","['Cagar Alam', 'Taman Hiburan']",3.7
241,242,Karawang,20,"-6.222911,106.863951","[200, 342, 396, 154, 407, 367, 428, 92, 352, 302, 74, 362, 119, 36, 366, 12, 421, 308]",0-100000,"['family', 'beach', 'cultural']","['Taman Hiburan', 'Budaya']",4.4
242,243,Purwakarat,20,"-6.215862,106.942878","[30, 360, 93, 24, 288, 257, 422, 265, 142, 345, 326, 74, 41, 186, 231, 239, 336, 70, 179, 54, 344, 234, 33, 420, 71, 180, 256, 376, 69, 434, 383, 43, 101, 146, 156, 254, 193, 113, 79, 339, 342, 368, 405, 111, 321, 396]",19820-119820,"['culinary', 'cultural', 'family']","['Budaya', 'Taman Hiburan']",4.0
243,244,Jakarta Utara,27,"-6.254045,106.774562","[345, 31, 145, 166, 175, 123, 412, 144, 248, 172, 202, 194, 393, 208, 36, 340]",0-100000,"['historical', 'historical', 'culinary', 'beach']","['Cagar Alam', 'Taman Hiburan']",3.9
244,245,Jakarta Selatan,27,"-6.172316,106.827034","[130, 278, 334, 376, 260, 79, 382, 243, 384, 432, 368, 276, 328, 333]",0-100000,"['historical', 'cultural', 'beach', 'historical', 'adventure']","['Taman Hiburan', 'Budaya']",3.4
245,246,Jakarta Pusat,28,"-6.152604,106.805550","[184, 357, 200, 175, 130, 377, 185, 186, 124, 195]",0-100000,"['beach', 'beach', 'beach', 'shopping', 'family']","['Bahari', 'Budaya']",3.6
246,247,Bekasi,28,"-6.138310,106.856867","[367, 340, 373, 136, 49, 245, 304, 149, 347, 35, 201, 96, 326, 253, 1, 369, 115, 134]",0-100000,"['beach', 'family', 'cultural']","['Taman Hiburan', 'Budaya']",3.9
247,248,Bogor,29,"-6.214497,106.775426","[428, 339, 378, 130, 385, 323, 147, 154, 354, 198, 60, 227, 414, 168, 382, 68, 72, 50, 118, 61]",32354-132354,"['cultural', 'adventure', 'beach']","['Budaya', 'Taman Hiburan']",4.5
248,249,Karawang,19,"-6.121470,106.773695","[189, 241, 139, 156, 338, 147, 337]",0-100000,"['culinary', 'beach', 'beach', 'culinary']","['Budaya', 'Bahari']",4.1
249,250,Subang,27,"-6.232047,106.884519","[160, 220, 99, 317, 392, 411, 298, 356, 88, 109, 194, 46, 48, 328, 390, 62, 341, 120, 85, 133, 410, 343, 129, 334, 269, 254, 402, 437, 110, 256, 7, 255, 41, 318, 422, 186, 157]",0-100000,"['culinary', 'beach', 'beach', 'cultural', 'culinary']","['Taman Hiburan', 'Cagar Alam']",4.0
250,251,Semarang,29,"-7.217779,110.275170","[229, 434, 127, 175, 320]",0-100000,"['cultural', 'photography', 'cultural']","['Taman Hiburan', 'Budaya']",4.4
251,252,Bekasi,30,"-6.220631,106.933754","[179, 122, 334, 187, 120, 25, 23, 281, 413, 12, 350, 355, 64, 286, 403, 404, 33]",0-100000,"['historical', 'historical', 'hiking', 'culinary', 'historical']","['Budaya', 'Taman Hiburan']",4.3
252,253,Cirebon,34,"-6.204246,106.756493","[26, 353, 201, 417, 386, 278, 43, 285, 214, 97, 207, 203, 72, 384, 116, 131, 6, 162, 379, 136, 122, 19, 4, 272, 339, 215, 184, 39, 123, 12, 423, 34, 387, 18, 191, 166, 383, 1, 102, 57, 249, 313, 351, 435, 407, 53, 273, 173]",0-100000,"['cultural', 'family', 'cultural']","['Budaya', 'Taman Hiburan']",4.2
253,254,Bekasi,34,"-6.308003,106.762666","[345, 224, 285, 181, 284, 156, 312, 145, 76, 153, 91, 337, 209, 132, 9, 120, 64, 11, 241, 204, 252, 254, 280, 152, 130, 101, 370, 340, 374, 147, 319, 419, 411, 170, 74, 131, 397, 336, 322, 158, 242, 327, 223, 96, 380, 162, 118, 362, 48, 149, 423, 248, 277, 314, 124]",0-100000,"['culinary', 'beach', 'cultural', 'beach']","['Taman Hiburan', 'Budaya']",3.9
254,255,Lampung,30,"-6.238118,106.941985","[255, 221, 170, 227, 339, 426, 418, 269, 96, 143, 192, 278, 71, 138, 11, 123, 240, 299, 219, 243, 49, 188, 100, 256, 18]",0-100000,"['culinary', 'cultural', 'historical', 'culinary']","['Budaya', 'Cagar Alam']",4.0
255,256,Jakarta Utara,39,"-6.110815,106.852930","[3, 337, 361, 240, 15, 153, 334, 242, 43, 326, 426, 248, 433, 437, 9, 391, 19]",73734-173734,"['family', 'beach', 'beach', 'historical', 'culinary']","['Taman Hiburan', 'Cagar Alam']",4.2
256,257,Jakarta Selatan,25,"-6.248571,106.932971","[18, 78, 345, 174, 282, 116, 277, 244, 262, 260, 29]",0-100000,"['culinary', 'shopping', 'photography', 'beach', 'culinary']","['Taman Hiburan', 'Budaya']",4.3
257,258,Bandung,38,"-6.832344,107.640371","[193, 124, 416, 296, 425, 405, 369, 185, 100, 361, 235, 359, 142, 312, 102, 8, 409, 94, 431, 167, 375, 268, 135, 243, 157, 86, 364, 205, 303, 51, 192]",22207-122207,"['cultural', 'hiking', 'cultural']","['Taman Hiburan', 'Budaya']",4.4
258,259,Surabaya,27,"-7.332060,112.909483","[403, 321, 108, 272, 325, 162, 368, 411, 231, 137, 47, 21, 357, 300]",0-100000,"['family', 'photography', 'photography', 'nature']","['Taman Hiburan', 'Budaya']",3.7
259,260,Bekasi,33,"-6.213535,106.933988","[167, 246, 184, 316, 313, 165, 244, 312, 359, 215, 188, 348, 90, 396, 379, 351, 337, 429, 76, 413, 300, 361, 431, 370, 116, 252, 407, 160, 210, 306, 11, 405, 214, 343, 207, 121, 245, 341, 190, 185, 14, 216, 169, 19, 201, 141, 309, 81, 73, 294, 242, 38, 232, 24, 426, 265, 397, 25]",0-100000,"['cultural', 'cultural', 'adventure']","['Taman Hiburan', 'Cagar Alam']",3.8
260,261,Yogyakarta,38,"-7.730239,110.413625","[9, 58, 130, 94, 341, 23, 81, 44, 223, 258, 376, 64, 200, 61, 255, 40, 42, 197, 288, 6, 137, 290, 83, 152, 150, 55, 215, 53, 260, 254, 231, 153, 119, 280, 221, 344, 434, 402, 356, 313, 289]",0-100000,"['beach', 'hiking', 'hiking', 'beach']","['Budaya', 'Taman Hiburan']",4.3
261,262,Bogor,38,"-6.176602,106.805069","[107, 211, 275, 145, 374, 192, 398, 371, 115, 368, 268, 339, 287, 254, 300, 351, 9, 270, 13, 141, 216, 8, 392, 367, 200, 403, 408, 266, 240, 236, 299, 235, 197, 196]",43523-143523,"['nature', 'cultural', 'cultural', 'family', 'beach']","['Cagar Alam', 'Taman Hiburan']",4.2
262,263,Depok,27,"-6.186500,106.936815","[164, 119, 368, 22, 142, 300, 301, 334, 136, 51, 126, 248, 123, 185, 98, 392, 343, 399, 421, 361, 171, 127, 172, 199, 145, 416, 95, 243, 275, 325]",12739-112739,"['nature', 'beach', 'beach', 'historical']","['Taman Hiburan', 'Cagar Alam']",3.0
263,264,Jakarta Pusat,37,"-6.296900,106.810660","[126, 386, 39, 217, 194, 196, 54, 334, 24, 328, 347, 86, 224, 180, 424, 405, 147]",19044-119044,"['shopping', 'cultural', 'cultural', 'cultural']","['Taman Hiburan', 'Bahari']",4.2
264,265,Jakarta Timur,30,"-6.249801,106.921948","[175, 16, 74, 2, 266, 226, 306, 335, 24, 7, 234, 389, 318, 313, 77, 213, 421, 142, 381, 371, 230, 268, 354, 99, 11, 284, 88, 96, 237, 357, 13, 302, 315, 295, 372, 45, 344, 345, 17, 406, 3, 202, 289, 209, 351, 71, 368, 90, 347, 42, 293, 160, 121, 250]",6885-106885,"['hiking', 'photography', 'beach']","['Budaya', 'Cagar Alam']",4.9
265,266,Bekasi,32,"-6.131717,106.757373","[401, 120, 372, 13, 434, 270, 344, 51, 368, 229, 405, 326]",0-100000,"['photography', 'beach', 'shopping']","['Taman Hiburan', 'Cagar Alam']",3.6
266,267,Semarang,31,"-7.289565,110.359190","[392, 312, 167, 43, 338, 156, 130, 435, 82, 293, 169, 128, 341, 313, 4, 233, 58, 106, 266, 207, 30, 344, 6, 281, 354, 342, 177, 273, 361, 411, 125, 100, 321, 22, 155, 87, 282, 347]",62085-162085,"['historical', 'photography', 'beach', 'beach', 'cultural']","['Taman Hiburan', 'Cagar Alam']",3.9
267,268,Yogyakarta,32,"-7.754021,110.297085","[88, 100, 194, 26, 426, 402, 398, 67, 350, 82, 409, 375, 228, 59, 347, 167, 290, 90, 336, 267, 15, 275, 132, 175, 105, 159, 279, 249, 416, 282, 370, 318, 382, 86, 161, 425, 392, 427]",37625-137625,"['cultural', 'cultural', 'shopping']","['Budaya', 'Cagar Alam']",4.2
268,269,Cirebon,36,"-6.204110,106.879279","[427, 200, 196, 150, 422, 168, 433, 5, 38, 111, 207, 409, 122, 400, 382, 376, 434, 33, 124, 195, 32]",0-100000,"['culinary', 'historical', 'shopping']","['Budaya', 'Taman Hiburan']",4.7
269,270,Lampung,25,"-6.288520,106.801244","[51, 375, 199, 43, 7, 214, 46, 357]",28397-128397,"['cultural', 'beach', 'culinary', 'nature']","['Taman Hiburan', 'Cagar Alam']",3.0
270,271,Semarang,37,"-7.221320,110.418725","[368, 27, 308, 85, 164, 335, 375, 307, 197, 324, 309, 193, 347]",0-100000,"['cultural', 'shopping', 'cultural', 'cultural', 'nature']","['Cagar Alam', 'Taman Hiburan']",4.4
271,272,Subang,30,"-6.154603,106.816216","[331, 52, 89, 352, 148, 328, 204, 292, 228, 316, 229, 269, 436, 349, 395, 359, 345, 270, 84, 193, 178, 420, 176, 416, 207, 175, 96, 209, 18, 68, 367, 171, 77, 4, 143, 346]",0-100000,"['cultural', 'culinary', 'beach']","['Budaya', 'Cagar Alam']",3.7
272,273,Jakarta Barat,33,"-6.274154,106.930706","[193, 242, 197, 58, 105, 124, 402, 200, 115, 199, 96, 380, 166, 147, 359, 253, 311, 397, 95, 223, 164, 192]",0-100000,"['cultural', 'adventure', 'photography', 'cultural', 'nature']","['Cagar Alam', 'Taman Hiburan']",4.5
273,274,Bekasi,38,"-6.259662,106.807665","[29, 330, 298, 60, 417, 70, 361, 311, 192, 179, 138, 260, 239, 96, 120, 98, 74, 397, 57, 155, 264, 52, 168, 144, 22, 271, 38, 347, 243, 79, 357, 93, 139, 234, 287]",1769-101769,"['cultural', 'cultural', 'cultural', 'cultural']","['Budaya', 'Taman Hiburan']",3.5
274,275,Lampung,34,"-6.174579,106.941574","[309, 416, 180, 195, 267, 58, 11, 334, 335, 220, 232, 145, 339, 340, 99, 110, 69, 14, 341, 49, 53, 67, 148, 38, 78, 192, 370, 354, 363, 98, 237, 227, 329, 160, 75, 209, 391, 152, 412, 434, 274, 258, 359, 200, 44, 85, 345, 381, 135, 362, 336, 403, 235, 384, 83, 223]",32349-132349,"['beach', 'family', 'shopping', 'culinary']","['Taman Hiburan', 'Budaya']",4.1
275,276,Lampung,39,"-6.226623,106.891490","[76, 66, 361, 216, 135, 382, 302, 372, 149, 408, 256, 21, 214, 251, 127, 406, 283, 394, 131, 112, 172, 359, 390, 416, 41, 221, 259, 246, 184, 190, 37, 44]",18698-118698,"['cultural', 'beach', 'family', 'cultural', 'nature']","['Taman Hiburan', 'Cagar Alam']",3.6
276,277,Jakarta Utara,29,"-6.236524,106.799711","[401, 50, 74, 29, 20, 372, 262, 265, 233, 225, 13, 65, 253, 424, 410, 155, 132, 385, 36, 124, 296, 227, 303, 271, 313, 374, 319, 240, 246, 337, 339, 393, 231, 6, 362, 106, 99, 17, 412, 363, 58, 174, 83, 384, 359, 433, 1, 21, 331, 56, 212, 157, 338, 14, 146, 226]",0-100000,"['historical', 'beach', 'beach', 'cultural', 'nature']","['Budaya', 'Taman Hiburan']",3.4
277,278,Jakarta Selatan,40,"-6.205919,106.848970","[126, 306, 34, 138, 293, 352, 113, 317, 385, 67, 342, 57, 340, 6, 26, 77, 412, 114, 275, 7, 390, 415, 72, 371, 38, 331, 235, 51, 219, 3, 205, 87, 190, 148, 25, 129, 221, 140, 292, 24, 13, 236, 28, 74, 433, 208, 88, 316, 81, 370, 181, 215, 345, 42, 321, 16]",0-100000,"['hiking', 'family', 'adventure', 'shopping']","['Taman Hiburan', 'Cagar Alam']",4.9
278,279,Bandung,28,"-6.703942,107.595941","[37, 342, 284, 401, 419, 58, 402, 267, 174, 80, 411, 54, 260, 166, 350, 16, 252, 158, 89, 39, 192, 122, 336, 310, 160, 325, 181, 245, 155, 355, 64, 339, 394, 49, 257]",0-100000,"['historical', 'photography', 'historical', 'photography']","['Budaya', 'Taman Hiburan']",3.3
279,280,Surabaya,40,"-7.228001,112.846027","[416, 126, 402, 134, 4, 297, 213, 106, 433, 189, 261, 411, 137, 226, 21, 341, 435, 57, 92, 177, 154, 260, 71, 374, 224, 288, 287, 42, 93, 69, 420, 345, 79, 188, 199, 415, 38, 431, 198, 130, 64, 173, 99, 414, 47, 301, 66, 388, 133, 115, 223, 156, 266]",0-100000,"['family', 'cultural', 'cultural', 'beach', 'cultural']","['Budaya', 'Taman Hiburan']",4.3
280,281,Bekasi,30,"-6.247544,106.869094","[74, 101, 229, 319, 405, 305, 210, 103, 352, 363, 171, 28, 91, 384, 127, 106, 152, 278, 155, 22, 218, 373, 187, 199, 434]",0-100000,"['hiking', 'beach', 'hiking', 'cultural']","['Taman Hiburan', 'Bahari']",4.8
281,282,Yogyakarta,39,"-7.815222,110.293724","[365, 186, 320, 371, 262, 206, 364, 28, 51, 133, 60, 431, 379, 267, 148, 158, 202, 81, 41, 223, 281, 16, 386, 403, 277, 407, 321, 14, 238, 335, 132, 177, 363]",0-100000,"['cultural', 'cultural', 'photography', 'photography', 'beach']","['Taman Hiburan', 'Cagar Alam']",3.8
282,283,Bogor,37,"-6.261101,106.826935","[347, 210, 418, 22, 101, 392, 285, 4, 182, 407, 410, 280, 366, 323, 155, 122, 272, 328, 298, 387, 126, 23, 14, 388, 262, 17, 83, 128, 39, 238, 383, 409, 195, 169, 340, 56, 66, 46, 204, 63, 283, 161, 236, 278, 2, 325, 374, 253, 394, 77]",0-100000,"['historical', 'culinary', 'culinary', 'family', 'culinary']","['Taman Hiburan', 'Budaya']",4.0
283,284,Depok,29,"-6.212320,106.853388","[433, 31, 147, 378, 83, 208, 73, 408, 177, 33, 40, 420, 373, 162, 181, 157, 194, 111, 345, 134, 431, 305, 10, 187]",0-100000,"['beach', 'historical', 'cultural']","['Budaya', 'Bahari']",4.7
284,285,Jakarta Pusat,29,"-6.201480,106.817255","[231, 96, 118, 253, 179, 174, 75, 338, 227, 289, 43, 177, 348, 330, 310, 319, 214, 108, 349, 207, 404, 18, 305, 116, 7, 65, 225, 365, 89, 335, 165, 50, 191, 380, 38, 29, 168, 111, 145, 194, 59, 256, 74, 263, 150, 350, 233, 216, 240, 14, 8, 397, 386, 368, 367, 241]",27863-127863,"['adventure', 'cultural', 'beach']","['Taman Hiburan', 'Budaya']",3.0
285,286,Jakarta Timur,35,"-6.156508,106.774368","[58, 284, 387, 301, 188, 280, 399, 154, 374, 16, 250, 74, 228, 141, 366, 393, 86, 413, 70, 91, 283, 318, 405, 199, 194, 185, 85, 168, 254, 219, 336, 411, 95, 73, 103, 139, 334, 431, 175, 112, 108, 11, 177, 350, 135]",0-100000,"['cultural', 'hiking', 'beach']","['Taman Hiburan', 'Bahari']",4.5
286,287,Bekasi,27,"-6.260487,106.759904","[192, 135, 73, 194, 369, 92, 137, 88, 33, 233, 394, 236, 329, 373, 85, 168, 61, 203]",0-100000,"['culinary', 'historical', 'beach', 'beach']","['Taman Hiburan', 'Budaya']",3.2
287,288,Semarang,30,"-7.305050,110.333422","[377, 24, 430, 433, 375, 290, 134, 42, 362, 336, 409, 69, 77, 277, 106, 59, 254, 8, 165, 149, 201, 302, 387, 35, 37, 341, 384, 170, 261, 91, 116, 343, 20, 292, 338, 188, 307, 196, 283, 369, 146, 260, 329, 308, 57, 47, 320, 45, 120, 202]",0-100000,"['cultural', 'cultural', 'cultural', 'culinary', 'beach']","['Taman Hiburan', 'Budaya']",4.2
288,289,Yogyakarta,35,"-7.777118,110.321114","[224, 381, 262, 198, 320, 264, 304, 143, 175, 204, 307, 243, 394, 67, 421, 129, 278, 2, 207, 408, 66, 16, 338, 222, 172, 11, 37, 387, 145, 242, 404, 107, 318, 376, 253, 41, 225, 417, 308, 283]",4857-104857,"['cultural', 'family', 'historical', 'family', 'family']","['Budaya', 'Taman Hiburan']",4.1
289,290,Cirebon,34,"-6.124089,106.894815","[272, 90, 123, 239, 25, 218, 402, 30, 33, 243, 10, 237, 303, 67, 198, 217]",27203-127203,"['historical', 'beach', 'photography', 'culinary', 'hiking']","['Cagar Alam', 'Taman Hiburan']",3.9
290,291,Lampung,25,"-6.125401,106.785516","[368, 374, 187]",0-100000,"['cultural', 'culinary', 'historical', 'photography']","['Cagar Alam', 'Bahari']",3.7
291,292,Semarang,29,"-7.250896,110.434855","[350, 114, 304, 142, 153, 420, 161, 121, 384, 364, 404, 168, 248, 338, 254, 158, 180, 432, 146, 229, 309, 365, 372, 194, 8, 394, 82, 281, 320, 412, 340, 333, 233, 307, 44, 219, 344, 182, 402, 313, 268, 310, 410, 87, 156, 72, 257, 247, 282, 34, 298, 224]",30551-130551,"['hiking', 'beach', 'culinary']","['Taman Hiburan', 'Cagar Alam']",4.6
292,293,Subang,34,"-6.138875,106.849367","[287, 435, 75, 185, 275, 249, 210, 117, 206, 227, 164, 65, 388, 221, 337, 162, 219, 116, 6, 383, 15, 319, 331, 283, 350, 81, 403, 134, 229, 339, 261, 36, 353, 289, 351, 46, 74, 242, 369, 139, 333, 76, 209, 372, 226, 409, 432]",31822-131822,"['beach', 'beach', 'adventure', 'culinary']","['Taman Hiburan', 'Cagar Alam']",3.9
293,294,Jakarta Barat,28,"-6.230927,106.751336","[86, 346, 263]",0-100000,"['culinary', 'beach', 'beach', 'cultural', 'shopping']","['Budaya', 'Cagar Alam']",3.7
294,295,Bekasi,31,"-6.203760,106.896235","[70, 393, 235, 155, 426, 102, 154, 241, 401, 124, 400, 126, 254, 32, 58, 410, 261, 389, 114, 244, 277, 197, 408, 299, 419, 202, 189, 300, 148, 319, 418, 19, 374, 179, 18]",0-100000,"['shopping', 'beach', 'shopping']","['Cagar Alam', 'Budaya']",4.7
295,296,Lampung,31,"-6.112655,106.844177","[299, 356, 49, 406, 302, 117, 435, 370, 265, 220, 21, 113, 77, 150, 144, 389, 348, 23, 429, 397, 152, 146, 22, 50, 367, 411, 426, 42, 420, 93, 4, 396, 412, 328, 301, 66, 276, 96, 425, 374, 336, 364, 80, 124, 13, 196, 103, 296, 306, 173, 178, 189, 186, 398, 72, 163, 108, 231, 71, 236, 428]",27866-127866,"['shopping', 'shopping', 'hiking', 'shopping']","['Taman Hiburan', 'Budaya']",4.1
296,297,Palembang,39,"-6.163350,106.859991","[340, 315, 97, 68, 334, 29, 58, 425, 32, 361, 143]",0-100000,"['family', 'photography', 'historical']","['Taman Hiburan', 'Pusat Perbelanjaan']",3.2
297,298,Bogor,38,"-6.297154,106.853525","[105, 121, 379, 81, 384, 334, 327, 123, 414, 177, 116, 404, 249, 14, 304, 95, 348, 411, 380, 190, 389, 33, 364, 47, 224, 218, 219, 50, 330, 1, 256, 400, 426, 113, 150, 390, 227, 203, 3, 45, 423, 31, 243, 399, 430, 398, 272, 40, 188]",35868-135868,"['beach', 'culinary', 'hiking']","['Taman Hiburan', 'Budaya']",4.1
298,299,Sragen,27,"-6.168858,106.828563","[93, 349, 325, 390, 393, 251, 41, 256, 51, 219, 81, 200, 414, 419, 139, 385, 164, 370, 405, 20, 29, 207, 381, 416, 177, 345, 355, 241, 326, 212, 343, 369, 132, 425, 204, 64, 108, 14, 272, 318, 123, 424, 62, 115, 50, 119, 24, 304, 188, 330, 396, 158, 184]",0-100000,"['beach', 'historical', 'cultural', 'cultural', 'culinary']","['Budaya', 'Cagar Alam']",3.6
299,300,Ponorogo,26,"-6.165387,106.821313","[135, 383, 265, 267, 328, 89, 117]",40677-140677,"['family', 'hiking', 'beach', 'photography']","['Taman Hiburan', 'Budaya']",4.1
